{"stats":{"minecraft:used":{"minecraft:oak_fence":9,"minecraft:oak_trapdoor":29,"minecraft:stone_sword":6,"minecraft:torch":103,"minecraft:dirt":261,"create:andesite_door":2,"minecraft:carrot":21,"embellishcraft:smooth_marble":10,"minecraft:wooden_axe":9,"simplylight:illuminant_panel":6,"minecraft:lava_bucket":7,"minecraft:cyan_terracotta":12,"simplylight:rodlamp":13,"minecraft:quartz_slab":6,"minecraft:grass_block":111,"minecraft:oak_stairs":38,"carryon:entity_item":5,"create:scoria":8,"minecraft:stone_brick_stairs":19,"immersiveengineering:concrete":1,"pfm:white_freezer":1,"appletreesrev:gapple_sapling":3,"minecraft:oak_sapling":2,"minecraft:furnace":10,"minecraft:beetroot_seeds":9,"minecraft:potato":17,"zombie_extreme:wire":1,"farmersdelight:beef_stew":1,"minecraft:iron_leggings":1,"minecraft:wheat_seeds":21,"pfm:white_fridge":7,"quark:framed_glass_pane":18,"minecraft:stone_pickaxe":133,"minecraft:oak_planks":64,"cfm:spruce_blinds":22,"appletreesrev:apple_sapling":3,"minecraft:wooden_pickaxe":10,"minecraft:blue_bed":1,"minecraft:diamond_axe":74,"minecraft:golden_apple":9,"createaddition:barbed_wire":534,"minecraft:oak_slab":86,"minecraft:crafting_table":7,"embellishcraft:oak_plain_door":4,"pfm:oak_purple_simple_bed":1,"minecraft:shears":1294,"embellishcraft:smooth_marble_slab":1,"minecraft:redstone_torch":2,"minecraft:oak_log":24,"minecraft:diamond_pickaxe":246,"apocalypsenow:tatical_mace":932,"minecraft:apple":1,"minecraft:diamond_shovel":1325,"minecraft:iron_pickaxe":255,"minecraft:bread":21,"minecraft:stone_slab":1,"embellishcraft:smooth_basalt":6,"minecraft:iron_door":8,"minecraft:stone_axe":103,"minecraft:potion":41,"minecraft:cobblestone":43,"minecraft:grindstone":1,"minecraft:smooth_stone_slab":16,"quark:oak_chest":25,"minecraft:andesite":2,"create:framed_glass_door":2,"minecraft:glass_pane":5,"cfm:oak_upgraded_gate":2,"minecraft:bone_meal":16,"minecraft:smooth_stone":15,"minecraft:gray_stained_glass":3},"minecraft:killed":{"undead_revamp2:thesmoker":27,"undead_revamp2:bomber":14,"minecraft:drowned":3,"undead_revamp2:thepregnant":2,"zombie_extreme:runner":9,"zombiemobs:zombie_bear":1,"zombiemobs:zombie_pig":1,"zombie_extreme:crawler":6,"minecraft:husk":77,"undead_revamp2:the_moonflower":6,"zombiemobs:zombie_fox":1,"mutationcraft:assimilated_human":1,"minecraft:zombie":263,"zombie_extreme:infected_police":1,"zombiemobs:zombie_goat":1,"alexsmobs:fly":3},"minecraft:custom":{"lootr:looted_stat":54,"minecraft:mob_kills":423,"minecraft:interact_with_crafting_table":20,"minecraft:bell_ring":5,"minecraft:damage_dealt_resisted":3190,"minecraft:leave_game":8,"minecraft:time_since_death":127048,"minecraft:climb_one_cm":64663,"minecraft:sprint_one_cm":468713,"minecraft:walk_one_cm":1427954,"minecraft:fridge_opened":103,"minecraft:drop":8,"minecraft:damage_dealt_absorbed":279,"minecraft:talked_to_villager":2,"minecraft:play_time":419699,"minecraft:deaths":8,"minecraft:sneak_time":15422,"minecraft:walk_under_water_one_cm":4538,"minecraft:jump":1590,"minecraft:drawer_searched":4,"minecraft:walk_on_water_one_cm":4744,"minecraft:total_world_time":419699,"minecraft:interact_with_furnace":1,"minecraft:sleep_in_bed":2,"minecraft:time_since_rest":127085,"minecraft:damage_taken":3249,"minecraft:damage_dealt":41333,"minecraft:swim_one_cm":17813,"minecraft:freezer_opened":9,"minecraft:fly_one_cm":673370,"minecraft:open_chest":510,"minecraft:crouch_one_cm":35619,"minecraft:fall_one_cm":24774},"minecraft:broken":{"minecraft:shears":5,"minecraft:stone_pickaxe":1,"minecraft:stone_axe":1,"minecraft:iron_pickaxe":1},"minecraft:killed_by":{"minecraft:husk":4,"zombie_extreme:infected_police":1,"minecraft:zombie":3},"minecraft:mined":{"farmersdelight:honey_glazed_ham_block":7,"farmersdelight:onions":1,"farmersdelight:rice_bag":9,"embellishcraft:sturdy_steel_door":1,"minecraft:oak_sapling":2,"minecraft:mossy_cobblestone":1,"farmersdelight:roast_chicken_block":5,"pfm:basic_plate":1,"minecraft:brewing_stand":1,"simplylight:illuminant_panel":7,"minecraft:stone_brick_wall":1,"minecraft:grass_block":921,"embellishcraft:smooth_basalt_slab":2,"farmersdelight:tomatoes":12,"minecraft:spawner":47,"embellishcraft:smooth_basalt":7,"minecraft:hay_block":9,"minecraft:smooth_stone":15,"minecraft:oak_trapdoor":5,"embellishcraft:smooth_marble_slab":1,"minecraft:furnace":4,"minecraft:carrots":24,"minecraft:iron_ore":4,"minecraft:andesite":2,"minecraft:pumpkin":6,"minecraft:anvil":2,"pfm:white_fridge":9,"minecraft:gold_block":17,"minecraft:bookshelf":95,"minecraft:potatoes":10,"minecraft:oak_stairs":10,"minecraft:quartz_slab":5,"simplylight:rodlamp":28,"minecraft:stone":13,"minecraft:iron_block":30,"minecraft:redstone_wall_torch":1,"immersiveengineering:ore_aluminum":11,"farmersdelight:cooking_pot":1,"pfm:white_freezer":1,"minecraft:quartz_block":2,"minecraft:cyan_terracotta":45,"quark:oak_chest":8,"pfm:basic_sink":1,"farmersdelight:potato_crate":2,"minecraft:oak_fence":6,"appletreesrev:apple_leaves":1,"quark:spruce_bookshelf":8,"apocalypsenow:money_block":7,"minecraft:crafting_table":4,"minecraft:torch":10,"minecraft:gray_stained_glass":22,"quark:framed_glass_pane":27,"create:scoria":8,"pfm:wall_toilet_paper":1,"embellishcraft:smooth_slate_stairs":1,"minecraft:stone_slab":1,"minecraft:copper_ore":18,"cfm:spruce_blinds":14,"minecraft:tall_grass":18,"minecraft:cobblestone":8,"minecraft:oak_planks":5,"createaddition:barbed_wire":169,"minecraft:iron_door":18,"minecraft:wall_torch":24,"immersiveengineering:concrete":1,"farmersdelight:skillet":1,"farmersdelight:stuffed_pumpkin_block":4,"farmersdelight:shepherds_pie_block":2,"pfm:basic_toilet":1,"minecraft:redstone_torch":1,"minecraft:light_gray_stained_glass":11,"farmersdelight:cutting_board":2,"minecraft:wheat":31,"quark:gunpowder_sack":12,"minecraft:light_gray_wool":1294,"farmersdelight:rice_roll_medley_block":1,"minecraft:stone_brick_stairs":6,"minecraft:smooth_stone_slab":16,"minecraft:grass":130,"embellishcraft:smooth_marble":19,"minecraft:coal_ore":18,"minecraft:oak_log":5,"minecraft:beetroots":4,"biomesoplenty:fir_leaves":4,"minecraft:dirt":367,"farmersdelight:stove":1,"minecraft:cobweb":20,"simplylight:illuminant_block":1,"minecraft:oak_leaves":3,"minecraft:emerald_block":9},"minecraft:dropped":{"quark:gray_shard":37,"quark:light_gray_shard":2,"minecraft:bone":12,"minecraft:gray_stained_glass":1,"minecraft:leather_chestplate":1,"minecraft:egg":4},"minecraft:crafted":{"minecraft:oak_trapdoor":2,"minecraft:stone_pickaxe":1,"minecraft:diamond_axe":1,"minecraft:crafting_table":1,"minecraft:stone_axe":1,"minecraft:air":372,"minecraft:diamond_pickaxe":1,"quark:oak_chest":1,"minecraft:stone_sword":1},"minecraft:picked_up":{"minecraft:crafting_table":4,"minecraft:wheat":14,"minecraft:anvil":2,"minecraft:stone_slab":1,"minecraft:oak_stairs":10,"minecraft:stone_brick_wall":1,"farmersdelight:tomato_sauce":10,"minecraft:gold_block":17,"pfm:white_freezer":1,"minecraft:stone_brick_stairs":6,"quark:gunpowder_sack":12,"minecraft:brewing_stand":1,"farmersdelight:cutting_board":2,"minecraft:oak_trapdoor":5,"minecraft:string":476,"minecraft:raw_copper":64,"minecraft:smooth_stone_slab":16,"minecraft:quartz_slab":6,"cfm:spruce_blinds":14,"embellishcraft:smooth_marble_slab":1,"minecraft:beetroot":4,"embellishcraft:smooth_basalt":6,"minecraft:smooth_stone":15,"farmersdelight:cabbage":4,"apocalypsenow:construction_boots":2,"minecraft:redstone_torch":2,"embellishcraft:sturdy_steel_door":1,"minecraft:light_gray_wool":1293,"minecraft:furnace":4,"farmersdelight:kelp_roll_slice":6,"minecraft:egg":5,"minecraft:copper_ingot":1,"minecraft:stick":11,"minecraft:raw_iron":4,"simplylight:illuminant_panel":7,"farmersdelight:potato_crate":2,"minecraft:oak_fence":6,"embellishcraft:smooth_marble":17,"farmersdelight:rotten_tomato":1,"minecraft:torch":45,"minecraft:bowl":5,"minecraft:dried_kelp":13,"farmersdelight:tomato_seeds":12,"minecraft:carrot":92,"immersiveengineering:concrete":1,"tac:b_magnum":31,"minecraft:rotten_flesh":376,"create:scoria":8,"createaddition:barbed_wire":168,"minecraft:beetroot_seeds":12,"farmersdelight:onion":5,"minecraft:hay_block":9,"minecraft:iron_block":30,"minecraft:cyan_terracotta":39,"embellishcraft:smooth_slate_stairs":1,"minecraft:mutton":4,"apocalypsenow:money_block":7,"minecraft:cobblestone":21,"tac:round45":89,"simplylight:rodlamp":28,"farmersdelight:rice":10,"minecraft:iron_door":18,"minecraft:salmon":19,"minecraft:andesite":2,"apocalypsenow:green_bikers_helmet":3,"appletreesrev:apple_log":17,"minecraft:potato":42,"biomesoplenty:fir_sapling":1,"minecraft:oak_log":40,"farmersdelight:roast_chicken_block":6,"minecraft:gunpowder":22,"apocalypsenow:construction_chestplate":1,"farmersdelight:cod_roll":4,"farmersdelight:tomato":19,"minecraft:dirt":1288,"farmersdelight:shepherds_pie_block":2,"farmersdelight:honey_glazed_ham_block":7,"minecraft:bone":450,"apocalypsenow:construction_leggings":1,"minecraft:apple":51,"farmersdelight:cooking_pot":1,"apocalypsenow:human_flesh":10,"farmersdelight:salmon_roll":6,"farmersdelight:vegetable_soup":9,"minecraft:wheat_seeds":102,"tac:nato_556_bullet":2,"apocalypsenow:money":2,"minecraft:iron_ingot":4,"apocalypsenow:red_bikers_helmet":1,"pfm:basic_toilet":1,"tac:ae50":47,"simplylight:illuminant_block":1,"tac:9mm_round":91,"minecraft:oak_planks":5,"minecraft:book":309,"biomesoplenty:toadstool":1,"quark:light_gray_shard":34,"pfm:basic_plate":1,"apocalypsenow:u_sarmy_chestplate":1,"minecraft:emerald_block":9,"farmersdelight:stuffed_pumpkin_block":4,"minecraft:pumpkin":6,"embellishcraft:smooth_basalt_slab":2,"minecraft:oak_pressure_plate":1,"immersiveengineering:raw_aluminum":11,"minecraft:ink_sac":4,"pfm:white_fridge":9,"quark:oak_chest":8,"minecraft:mossy_cobblestone":1,"pfm:basic_sink":1,"pfm:wall_toilet_paper":1,"immersiveengineering:seed":49,"quark:framed_glass_pane":27,"minecraft:golden_apple":10,"farmersdelight:rice_bag":9,"minecraft:bread":9,"alexsmobs:maggot":6,"minecraft:coal":18,"quark:gray_shard":64,"minecraft:oak_sapling":32,"apocalypsenow:construction_helmet":2,"farmersdelight:stove":1}},"DataVersion":2975}