{"stats":{"minecraft:used":{"minecraft:oak_fence":9,"minecraft:oak_trapdoor":343,"minecraft:stone_sword":6,"minecraft:torch":168,"minecraft:dirt":425,"create:andesite_door":2,"minecraft:carrot":21,"embellishcraft:smooth_marble":10,"minecraft:wooden_axe":9,"simplylight:illuminant_panel":6,"minecraft:lava_bucket":14,"minecraft:cyan_terracotta":12,"simplylight:rodlamp":13,"minecraft:quartz_slab":6,"minecraft:grass_block":112,"minecraft:oak_stairs":38,"carryon:entity_item":5,"create:scoria":8,"minecraft:stone_brick_stairs":19,"immersiveengineering:concrete":1,"pfm:white_freezer":1,"appletreesrev:gapple_sapling":3,"minecraft:oak_sapling":13,"minecraft:furnace":10,"minecraft:beetroot_seeds":9,"minecraft:potato":17,"zombie_extreme:wire":1,"farmersdelight:beef_stew":1,"minecraft:iron_leggings":1,"minecraft:wheat_seeds":21,"pfm:white_fridge":7,"quark:framed_glass_pane":18,"minecraft:stone_pickaxe":133,"minecraft:oak_planks":65,"cfm:spruce_blinds":22,"appletreesrev:apple_sapling":3,"minecraft:wooden_pickaxe":10,"minecraft:blue_bed":1,"minecraft:diamond_axe":282,"minecraft:golden_apple":9,"createaddition:barbed_wire":714,"minecraft:oak_slab":86,"minecraft:crafting_table":7,"embellishcraft:oak_plain_door":4,"pfm:oak_purple_simple_bed":3,"minecraft:shears":1294,"embellishcraft:smooth_marble_slab":1,"minecraft:redstone_torch":2,"minecraft:oak_log":24,"minecraft:diamond_pickaxe":348,"apocalypsenow:tatical_mace":1092,"minecraft:apple":1,"minecraft:diamond_shovel":2151,"minecraft:iron_pickaxe":255,"minecraft:bread":40,"cgm:grenade":1,"minecraft:stone_slab":1,"embellishcraft:smooth_basalt":6,"minecraft:iron_door":8,"minecraft:stone_axe":103,"minecraft:potion":72,"minecraft:cobblestone":45,"minecraft:bucket":7,"minecraft:grindstone":1,"minecraft:smooth_stone_slab":16,"quark:oak_chest":29,"minecraft:andesite":2,"create:framed_glass_door":2,"minecraft:glass_pane":5,"cfm:oak_upgraded_gate":2,"minecraft:bone_meal":117,"minecraft:smooth_stone":15,"minecraft:gray_stained_glass":3},"minecraft:killed":{"undead_revamp2:thesmoker":30,"undead_revamp2:bomber":14,"minecraft:drowned":3,"undead_revamp2:thepregnant":2,"zombie_extreme:runner":13,"zombiemobs:zombie_bear":1,"zombiemobs:zombie_pig":1,"zombie_extreme:crawler":6,"minecraft:husk":127,"undead_revamp2:the_moonflower":6,"zombiemobs:zombie_fox":1,"mutationcraft:assimilated_human":1,"minecraft:zombie":316,"zombie_extreme:infected_police":1,"zombiemobs:zombie_goat":1,"alexsmobs:fly":5},"minecraft:custom":{"lootr:looted_stat":54,"minecraft:mob_kills":538,"minecraft:interact_with_crafting_table":28,"minecraft:bell_ring":5,"minecraft:damage_dealt_resisted":3871,"minecraft:leave_game":9,"minecraft:time_since_death":24404,"minecraft:climb_one_cm":65775,"minecraft:sprint_one_cm":779320,"minecraft:walk_one_cm":1844427,"minecraft:fridge_opened":127,"minecraft:drop":15,"minecraft:damage_dealt_absorbed":409,"minecraft:talked_to_villager":2,"minecraft:play_time":526217,"minecraft:deaths":11,"minecraft:sneak_time":20131,"minecraft:walk_under_water_one_cm":10029,"minecraft:jump":1988,"minecraft:drawer_searched":4,"minecraft:walk_on_water_one_cm":8727,"minecraft:total_world_time":526217,"minecraft:interact_with_furnace":10,"minecraft:sleep_in_bed":3,"minecraft:time_since_rest":24434,"minecraft:damage_taken":4304,"minecraft:damage_dealt":49807,"minecraft:swim_one_cm":20874,"minecraft:freezer_opened":9,"minecraft:fly_one_cm":832928,"minecraft:open_chest":638,"minecraft:crouch_one_cm":45918,"minecraft:fall_one_cm":32284},"minecraft:broken":{"apocalypsenow:police_boots":1,"minecraft:shears":5,"minecraft:stone_pickaxe":1,"minecraft:diamond_shovel":1,"minecraft:stone_axe":1,"minecraft:iron_pickaxe":1},"minecraft:killed_by":{"minecraft:husk":5,"zombie_extreme:infected_police":1,"minecraft:zombie":3},"minecraft:mined":{"farmersdelight:honey_glazed_ham_block":7,"minecraft:white_bed":1,"farmersdelight:onions":1,"farmersdelight:rice_bag":9,"embellishcraft:sturdy_steel_door":1,"minecraft:oak_sapling":9,"minecraft:mossy_cobblestone":9,"farmersdelight:roast_chicken_block":5,"minecraft:oak_door":1,"pfm:basic_plate":1,"minecraft:brewing_stand":1,"simplylight:illuminant_panel":7,"minecraft:stone_brick_wall":1,"minecraft:grass_block":1388,"embellishcraft:smooth_basalt_slab":2,"farmersdelight:tomatoes":12,"minecraft:spawner":47,"embellishcraft:smooth_basalt":7,"minecraft:hay_block":9,"minecraft:smooth_stone":15,"minecraft:oak_trapdoor":14,"embellishcraft:smooth_marble_slab":1,"minecraft:furnace":4,"minecraft:carrots":24,"minecraft:iron_ore":4,"minecraft:andesite":2,"minecraft:pumpkin":6,"minecraft:anvil":2,"pfm:white_fridge":9,"minecraft:gold_block":17,"pfm:oak_purple_simple_bed":2,"minecraft:dirt_path":6,"minecraft:bookshelf":95,"minecraft:potatoes":10,"minecraft:oak_stairs":60,"minecraft:quartz_slab":5,"simplylight:rodlamp":28,"minecraft:stripped_oak_log":16,"minecraft:stone":67,"minecraft:iron_block":30,"minecraft:redstone_wall_torch":1,"immersiveengineering:ore_aluminum":11,"farmersdelight:cooking_pot":1,"pfm:white_freezer":1,"minecraft:glass_pane":3,"minecraft:quartz_block":2,"minecraft:cyan_terracotta":45,"quark:oak_chest":15,"pfm:basic_sink":1,"farmersdelight:potato_crate":2,"minecraft:oak_fence":6,"appletreesrev:apple_leaves":1,"quark:spruce_bookshelf":8,"apocalypsenow:money_block":7,"minecraft:crafting_table":4,"minecraft:torch":10,"minecraft:gray_stained_glass":22,"quark:framed_glass_pane":27,"create:scoria":8,"pfm:wall_toilet_paper":1,"embellishcraft:smooth_slate_stairs":1,"minecraft:stone_slab":1,"minecraft:copper_ore":18,"cfm:spruce_blinds":14,"minecraft:tall_grass":18,"minecraft:cobblestone":43,"minecraft:oak_planks":40,"createaddition:barbed_wire":170,"minecraft:iron_door":18,"minecraft:wall_torch":26,"immersiveengineering:concrete":1,"farmersdelight:skillet":1,"farmersdelight:stuffed_pumpkin_block":4,"farmersdelight:shepherds_pie_block":2,"pfm:basic_toilet":1,"minecraft:redstone_torch":1,"minecraft:light_gray_stained_glass":11,"farmersdelight:cutting_board":2,"minecraft:wheat":31,"quark:gunpowder_sack":12,"minecraft:light_gray_wool":1294,"farmersdelight:rice_roll_medley_block":1,"minecraft:stone_brick_stairs":6,"minecraft:smooth_stone_slab":16,"minecraft:grass":138,"embellishcraft:smooth_marble":19,"minecraft:coal_ore":18,"minecraft:oak_log":7,"minecraft:beetroots":4,"biomesoplenty:fir_leaves":4,"minecraft:sand":51,"minecraft:dirt":671,"farmersdelight:stove":1,"minecraft:cobweb":20,"simplylight:illuminant_block":1,"minecraft:oak_leaves":15,"minecraft:emerald_block":9},"minecraft:dropped":{"quark:gray_shard":37,"quark:light_gray_shard":2,"minecraft:bone":12,"minecraft:gray_stained_glass":1,"minecraft:rotten_flesh":438,"minecraft:leather_chestplate":1,"minecraft:egg":4},"minecraft:crafted":{"minecraft:glass":42,"minecraft:oak_trapdoor":2,"minecraft:stone_pickaxe":1,"minecraft:diamond_axe":1,"minecraft:crafting_table":1,"minecraft:stone_axe":1,"minecraft:air":1939,"minecraft:diamond_pickaxe":1,"quark:oak_chest":1,"minecraft:stone_sword":1},"minecraft:picked_up":{"minecraft:crafting_table":4,"minecraft:wheat":14,"minecraft:anvil":2,"minecraft:stone_slab":1,"minecraft:oak_stairs":60,"minecraft:stone_brick_wall":1,"farmersdelight:tomato_sauce":10,"minecraft:gold_block":17,"pfm:white_freezer":1,"minecraft:stone_brick_stairs":6,"quark:gunpowder_sack":12,"minecraft:brewing_stand":1,"farmersdelight:cutting_board":2,"minecraft:oak_trapdoor":14,"minecraft:string":578,"minecraft:raw_copper":64,"minecraft:smooth_stone_slab":16,"minecraft:quartz_slab":6,"cfm:spruce_blinds":14,"embellishcraft:smooth_marble_slab":1,"minecraft:beetroot":4,"embellishcraft:smooth_basalt":6,"minecraft:smooth_stone":15,"farmersdelight:cabbage":4,"apocalypsenow:construction_boots":2,"minecraft:redstone_torch":2,"embellishcraft:sturdy_steel_door":1,"minecraft:light_gray_wool":1293,"minecraft:oak_door":1,"minecraft:furnace":4,"farmersdelight:kelp_roll_slice":6,"minecraft:egg":5,"minecraft:copper_ingot":1,"minecraft:stick":104,"minecraft:raw_iron":4,"simplylight:illuminant_panel":7,"farmersdelight:potato_crate":2,"minecraft:oak_fence":6,"embellishcraft:smooth_marble":17,"farmersdelight:rotten_tomato":1,"minecraft:torch":52,"minecraft:bowl":5,"minecraft:dried_kelp":13,"farmersdelight:tomato_seeds":12,"minecraft:carrot":94,"immersiveengineering:concrete":1,"tac:b_magnum":31,"minecraft:rotten_flesh":493,"create:scoria":8,"createaddition:barbed_wire":169,"minecraft:beetroot_seeds":12,"farmersdelight:onion":5,"minecraft:hay_block":9,"minecraft:iron_block":30,"minecraft:cyan_terracotta":39,"embellishcraft:smooth_slate_stairs":1,"minecraft:mutton":4,"apocalypsenow:money_block":7,"minecraft:cobblestone":110,"minecraft:stripped_oak_log":16,"tac:round45":92,"simplylight:rodlamp":28,"farmersdelight:rice":10,"minecraft:iron_door":18,"minecraft:salmon":19,"minecraft:andesite":2,"pfm:oak_purple_simple_bed":2,"apocalypsenow:green_bikers_helmet":3,"appletreesrev:apple_log":17,"minecraft:potato":42,"biomesoplenty:fir_sapling":1,"minecraft:oak_log":324,"farmersdelight:roast_chicken_block":6,"minecraft:gunpowder":22,"apocalypsenow:construction_chestplate":1,"farmersdelight:cod_roll":4,"farmersdelight:tomato":19,"minecraft:dirt":2065,"farmersdelight:shepherds_pie_block":2,"farmersdelight:honey_glazed_ham_block":7,"minecraft:bone":558,"apocalypsenow:construction_leggings":1,"minecraft:apple":88,"farmersdelight:cooking_pot":1,"apocalypsenow:human_flesh":11,"farmersdelight:salmon_roll":6,"farmersdelight:vegetable_soup":9,"minecraft:wheat_seeds":104,"tac:nato_556_bullet":2,"apocalypsenow:money":5,"minecraft:iron_ingot":6,"apocalypsenow:red_bikers_helmet":3,"pfm:basic_toilet":1,"tac:ae50":47,"simplylight:illuminant_block":1,"tac:9mm_round":100,"minecraft:oak_planks":40,"minecraft:book":309,"biomesoplenty:toadstool":1,"quark:light_gray_shard":34,"pfm:basic_plate":1,"apocalypsenow:u_sarmy_chestplate":1,"minecraft:emerald_block":9,"farmersdelight:stuffed_pumpkin_block":4,"minecraft:pumpkin":6,"minecraft:sand":51,"embellishcraft:smooth_basalt_slab":2,"minecraft:oak_pressure_plate":1,"immersiveengineering:raw_aluminum":11,"apocalypsenow:black_motorcycle_helmet_helmet":1,"minecraft:ink_sac":4,"minecraft:white_bed":1,"pfm:white_fridge":9,"quark:oak_chest":15,"minecraft:mossy_cobblestone":9,"pfm:basic_sink":1,"pfm:wall_toilet_paper":1,"immersiveengineering:seed":60,"quark:framed_glass_pane":27,"minecraft:golden_apple":10,"farmersdelight:rice_bag":9,"minecraft:bread":9,"alexsmobs:maggot":14,"minecraft:coal":18,"quark:gray_shard":64,"minecraft:oak_sapling":179,"apocalypsenow:construction_helmet":2,"farmersdelight:stove":1}},"DataVersion":2975}