{"stats":{"minecraft:mined":{"farmersdelight:cooking_pot":1,"minecraft:oak_sapling":1,"minecraft:crafting_table":2,"minecraft:torch":3,"minecraft:grass_block":2,"quark:framed_glass_pane":1,"minecraft:tall_grass":1,"minecraft:oak_planks":4,"minecraft:iron_door":2,"minecraft:spawner":2,"farmersdelight:skillet":1,"farmersdelight:cutting_board":1,"pfm:white_fridge":1,"minecraft:grass":2,"embellishcraft:smooth_marble":4,"minecraft:oak_log":3,"minecraft:dirt":3,"farmersdelight:stove":1,"minecraft:stone":9,"minecraft:oak_leaves":3},"minecraft:killed":{"minecraft:husk":2,"zombiemobs:zombie_fox":1,"minecraft:zombie":3,"zombiemobs:zombie_goat":1},"minecraft:used":{"minecraft:stone_sword":6,"pfm:white_fridge":1,"quark:framed_glass_pane":1,"minecraft:stone_pickaxe":14,"minecraft:oak_planks":35,"minecraft:wooden_pickaxe":9,"minecraft:torch":8,"minecraft:dirt":5,"minecraft:crafting_table":3,"embellishcraft:smooth_marble":1,"minecraft:wooden_axe":7,"apocalypsenow:tatical_mace":7,"minecraft:bread":7,"carryon:entity_item":5,"minecraft:stone_axe":9,"minecraft:potion":8,"minecraft:oak_sapling":2,"quark:oak_chest":2,"minecraft:iron_leggings":1},"minecraft:dropped":{"minecraft:leather_chestplate":1},"minecraft:picked_up":{"minecraft:crafting_table":2,"minecraft:iron_door":2,"biomesoplenty:fir_sapling":1,"minecraft:oak_log":30,"farmersdelight:cutting_board":1,"minecraft:dirt":5,"minecraft:string":2,"minecraft:bone":4,"minecraft:apple":1,"farmersdelight:cooking_pot":1,"minecraft:wheat_seeds":1,"minecraft:oak_planks":4,"minecraft:egg":1,"minecraft:stick":5,"embellishcraft:smooth_marble":2,"minecraft:torch":3,"minecraft:bowl":1,"pfm:white_fridge":1,"minecraft:rotten_flesh":8,"quark:framed_glass_pane":1,"minecraft:oak_sapling":13,"farmersdelight:stove":1,"minecraft:cobblestone":9},"minecraft:crafted":{"minecraft:crafting_table":1,"minecraft:stone_axe":1,"minecraft:air":126,"quark:oak_chest":1,"minecraft:stone_pickaxe":1,"minecraft:stone_sword":1},"minecraft:custom":{"lootr:looted_stat":9,"minecraft:mob_kills":7,"minecraft:interact_with_crafting_table":6,"minecraft:bell_ring":5,"minecraft:leave_game":3,"minecraft:time_since_death":35090,"minecraft:sleep_in_bed":1,"minecraft:climb_one_cm":8291,"minecraft:time_since_rest":17084,"minecraft:sprint_one_cm":118184,"minecraft:damage_taken":74,"minecraft:walk_one_cm":89624,"minecraft:fridge_opened":3,"minecraft:drop":1,"minecraft:damage_dealt":661,"minecraft:swim_one_cm":1105,"minecraft:talked_to_villager":1,"minecraft:fly_one_cm":216484,"minecraft:freezer_opened":2,"minecraft:open_chest":13,"minecraft:crouch_one_cm":1125,"minecraft:play_time":35090,"minecraft:sneak_time":1070,"minecraft:walk_under_water_one_cm":448,"minecraft:jump":338,"minecraft:walk_on_water_one_cm":532,"minecraft:total_world_time":35090,"minecraft:fall_one_cm":4912}},"DataVersion":2975}