{"stats":{"minecraft:killed":{"undead_revamp2:thesmoker":15,"zombiemobs:zombie_donkey":1,"minecraft:zombie_villager":2,"minecraft:zombie":614,"zombie_extreme:infected_police":5,"alexsmobs:fly":2,"hordes:zombie_player":3,"undead_revamp2:bomber":1,"alexsmobs:bison":1,"zombie_extreme:runner":4,"zombiemobs:zombie_bear":1,"zombie_extreme:crawler":5,"minecraft:husk":52,"undead_revamp2:the_moonflower":2,"minecraft:bat":2},"minecraft:crafted":{"minecraft:grindstone":1,"minecraft:oak_planks":8,"immersiveengineering:hemp_fabric":12,"minecraft:stone":8,"immersiveengineering:stick_steel":12,"justhammers:diamond_hammer":2,"apocalypsenow:u_sarmy_helmet":2,"minecraft:chest":6,"easy_villagers:trader":2,"apocalypsenow:spiked_iron_baseball_bat":3,"immersiveengineering:ingot_aluminum":12,"minecraft:scute":5,"minecraft:cauldron":1,"sophisticatedbackpacks:backpack":3,"minecraft:diamond_axe":1,"minecraft:crafting_table":1,"apocalypsenow:u_sarmy_leggings":1,"immersiveengineering:cokebrick":8,"tac:10_gauge_round":96,"sophisticatedbackpacks:upgrade_base":1,"immersiveengineering:ersatz_leather":17,"minecraft:diamond_pickaxe":1,"minecraft:stone_slab":6,"minecraft:stick":8,"appletreesrev:apple_planks":4,"minecraft:leather_chestplate":6,"minecraft:iron_ingot":31,"apocalypsenow:bowie_machete":1,"cold_sweat:fur":12,"apocalypsenow:u_sarmy_chestplate":3,"sophisticatedbackpacks:stack_upgrade_tier_3":1,"sophisticatedbackpacks:stack_upgrade_tier_1":1,"minecraft:furnace":1,"create:iron_sheet":4,"minecraft:diamond_block":5,"minecraft:rabbit_hide":31,"minecraft:slime_ball":12,"apocalypsenow:spear":1,"apocalypsenow:u_sarmy_boots":2,"tac:round45":96,"easy_villagers:farmer":1,"apocalypsenow:premium_hammer":2,"cold_sweat:hoglin_hide":12,"minecraft:bucket":1,"minecraft:dragon_breath":9,"tac:9mm_round":96,"minecraft:air":2064,"cold_sweat:thermometer":3,"minecraft:gunpowder":30,"apocalypsenow:money":176,"minecraft:soul_sand":8},"minecraft:killed_by":{"minecraft:zombie":5,"minecraft:husk":1,"hordes:zombie_player":2,"zombie_extreme:infected_police":1},"minecraft:picked_up":{"minecraft:wheat":10,"apocalypsenow:bloodybandages":3,"minecraft:smithing_table":2,"apocalypsenow:can_opener":2,"create:bar_of_chocolate":27,"farmersdelight:cutting_board":4,"embellishcraft:white_steel_door":3,"minecraft:polished_deepslate":5,"minecraft:string":846,"simplylight:illuminant_orange_block_on":1,"embellishcraft:smooth_marble_slab":1,"minecraft:beetroot":1,"minecraft:smooth_stone":3,"minecraft:cobbled_deepslate":4408,"minecraft:redstone_torch":1,"create:contraption_controls":1,"minecraft:dark_oak_door":1,"tac:m870_classic":1,"minecraft:stick":168,"farmersdelight:potato_crate":4,"immersiveengineering:connector_hv":20,"minecraft:jukebox":1,"embellishcraft:smooth_marble":44,"minecraft:torch":152,"create:andesite_casing":49,"sophisticatedbackpacks:stack_upgrade_tier_2":1,"apocalypsenow:iron_baseball_bat":2,"quark:iron_button":2,"camera:album":2,"apocalypsenow:fire_figther_leggings":1,"minecraft:cauldron":1,"create:large_cogwheel":9,"minecraft:quartz_block":18,"simplylight:illuminant_magenta_block_on":1,"quark:smooth_quartz_vertical_slab":2,"apocalypsenow:scissors":1,"apocalypsenow:porpsi":1,"minecraft:cactus":6,"artifacts:lucky_scarf":1,"minecraft:rotten_flesh":916,"createaddition:barbed_wire":1,"minecraft:iron_block":32,"minecraft:cyan_terracotta":43,"pfm:dark_wood_kitchen_drawer":1,"simplylight:illuminant_lime_block_on":1,"apocalypsenow:money_block":14,"minecraft:cobblestone":70,"minecraft:birch_log":69,"apocalypsenow:u_sarmy_boots":7,"tac:round45":85,"apocalypsenow:club":1,"minecraft:feather":1,"minecraft:iron_door":7,"apocalypsenow:peach_juice":2,"apocalypsenow:anarchy_boots":1,"apocalypsenow:hunting_helmet":1,"createdeco:andesite_door":10,"minecraft:potato":6,"biomesoplenty:fir_sapling":1,"biomesoplenty:fir_log":45,"apocalypsenow:cereal":4,"minecraft:tuff":398,"quark:blossom_button":3,"apocalypsenow:construction_chestplate":11,"farmersdelight:carrot_crate":4,"farmersdelight:tomato":1,"minecraft:lapis_lazuli":70,"minecraft:dirt":45,"cgm:grenade":2,"minecraft:leather_boots":2,"minecraft:bone":1026,"minecraft:stonecutter":2,"minecraft:wheat_seeds":32,"apocalypsenow:human_flesh":15,"minecraft:deepslate_brick_slab":2,"ftbquests:book":1,"minecraft:raw_gold":65,"minecraft:cobbled_deepslate_slab":3,"minecraft:bell":1,"create:shaft":5,"tac:9mm_round":182,"minecraft:oak_planks":73,"apocalypsenow:u_sarmy_chestplate":8,"quark:smooth_stone_vertical_slab":7,"immersiveengineering:slab_cokebrick":16,"create:cogwheel":29,"apocalypsenow:small_can":6,"simplylight:illuminant_purple_block_on":1,"apocalypsenow:black_motorcycle_helmet_helmet":1,"quark:stone_brick_vertical_slab":2,"apocalypsenow:dagger":2,"quark:polished_limestone_slab":10,"apocalypsenow:coke":45,"apocalypsenow:golf_stick":3,"apocalypsenow:royal_canada_police_officer_boots":1,"minecraft:diamond":50,"apocalypsenow:premium_hammer":1,"minecraft:soul_lantern":1,"artifacts:crystal_heart":1,"simplylight:illuminant_yellow_block_on":1,"apocalypsenow:blue_football_armor_chestplate":1,"apocalypsenow:black_bikers_helmet":1,"farmersdelight:rice_bag":11,"minecraft:spruce_button":4,"alexsmobs:maggot":7,"apocalypsenow:scissorst":1,"minecraft:oak_sapling":137,"apocalypsenow:construction_helmet":11,"rocks:cobblestone_splitter":1,"minecraft:diamond_pickaxe":1,"biomesoplenty:smooth_white_sandstone":8,"sophisticatedbackpacks:gold_backpack":1,"minecraft:crafting_table":1,"apocalypsenow:letter_opener":2,"artifacts:night_vision_goggles":3,"minecraft:azure_bluet":1,"apocalypsenow:fire_figther_boots":1,"minecraft:nether_wart":4,"apocalypsenow:spiked_iron_baseball_bat":1,"minecraft:leather_leggings":2,"apocalypsenow:blue_football_armor_helmet":1,"minecraft:gold_block":14,"apocalypsenow:u_sarmy_helmet":7,"quark:gunpowder_sack":5,"minecraft:cornflower":1,"minecraft:flint_and_steel":1,"pfm:deepslate_kitchen_wall_counter":1,"minecraft:quartz_slab":1,"minecraft:iron_shovel":1,"cold_sweat:thermometer":2,"apocalypsenow:construction_boots":17,"simplylight:edge_light_top":1,"embellishcraft:sturdy_steel_door":18,"minecraft:poppy":2,"minecraft:quartz_stairs":1,"cfm:cyan_kitchen_counter":1,"minecraft:raw_iron":179,"createdeco:yellow_decal":5,"farmersdelight:cabbage_crate":4,"sophisticatedbackpacks:backpack":2,"apocalypsenow:pipe_wrench":2,"pfm:dark_wood_modern_stool":1,"minecraft:carrot":13,"minecraft:redstone":225,"apocalypsenow:combat_knife":1,"tac:b_magnum":34,"apocalypsenow:baseball_bat":2,"minecraft:beetroot_seeds":6,"minecraft:deepslate_bricks":44,"minecraft:gold_ingot":4,"apocalypsenow:suturekit":5,"apocalypsenow:fire_figther_chestplate":3,"minecraft:white_wool":1,"immersiveengineering:metal_barrel":40,"pfm:dark_wood_kitchen_counter":1,"simplylight:illuminant_blue_block_on":1,"minecraft:oak_log":303,"embellishcraft:polished_marble":8,"minecraft:chainmail_chestplate":1,"minecraft:ancient_debris":5,"embellishcraft:polished_marble_slab":3,"minecraft:gunpowder":7,"minecraft:paper":25,"embellishcraft:gneiss_large_bricks_wall":1,"apocalypsenow:rain_collector":1,"apocalypsenow:u_sarmy_leggings":2,"farmersdelight:honey_glazed_ham_block":1,"immersiveengineering:cokebrick":32,"apocalypsenow:construction_leggings":9,"minecraft:apple":16,"minecraft:stone_bricks":6,"minecraft:kelp":11,"tac:deagle_357":1,"embellishcraft:spruce_wooden_crate":2,"apocalypsenow:money":67,"minecraft:iron_ingot":13,"immersiveengineering:storage_steel":3,"simplylight:illuminant_block":3,"tac:ae50":55,"minecraft:soul_sand":7,"sophisticatedbackpacks:diamond_backpack":1,"minecraft:book":3,"quark:light_gray_shard":62,"simplylight:illuminant_red_block_on":2,"minecraft:polished_andesite_stairs":1,"minecraft:emerald_block":3,"minecraft:daylight_detector":4,"apocalypsenow:anarchy_helmet":1,"minecraft:quartz":11,"minecraft:dandelion":7,"embellishcraft:andesite_button":8,"minecraft:raw_iron_block":6,"minecraft:gravel":3,"apocalypsenow:police_leggings":1,"pfm:white_fridge":25,"simplylight:illuminant_light_blue_block_on":1,"create:gearbox":5,"minecraft:leather_helmet":2,"nameless_trinkets:super_magnet":1,"immersiveengineering:seed":10,"embellishcraft:smooth_marble_wall":1,"create:encased_fan":14,"quark:framed_glass_pane":37,"minecraft:diamond_axe":1,"minecraft:scute":2,"apocalypsenow:safe":1,"embellishcraft:air_duct":2,"quark:gray_shard":22,"minecraft:coal":1},"minecraft:mined":{"farmersdelight:rice_bag":1,"embellishcraft:sturdy_steel_door":8,"minecraft:oak_sapling":7,"apocalypsenow:rain_collector":1,"embellishcraft:white_steel_door":1,"create:andesite_casing":23,"apocalypsenow:safe":1,"embellishcraft:spruce_wooden_crate":2,"simplylight:illuminant_purple_block_on":1,"minecraft:grass_block":16,"biomesoplenty:smooth_white_sandstone":8,"minecraft:nether_wart":3,"minecraft:spawner":81,"minecraft:smooth_stone":4,"minecraft:raw_iron_block":6,"quark:blossom_button":2,"minecraft:cobbled_deepslate":1,"pfm:dark_wood_modern_stool":1,"pfm:white_fridge":2,"minecraft:deepslate_lapis_ore":7,"minecraft:water_cauldron":1,"minecraft:quartz_slab":1,"minecraft:iron_block":21,"simplylight:illuminant_blue_block_on":1,"minecraft:deepslate_redstone_ore":37,"create:cogwheel":9,"minecraft:cyan_terracotta":2,"immersiveengineering:slab_cokebrick":8,"immersiveengineering:metal_barrel":20,"apocalypsenow:money_block":7,"minecraft:torch":14,"farmersdelight:cabbage_crate":1,"minecraft:poppy":1,"create:framed_glass":2,"embellishcraft:polished_marble":3,"minecraft:nether_quartz_ore":8,"minecraft:cobblestone":31,"minecraft:oak_planks":1,"minecraft:iron_door":6,"simplylight:illuminant_orange_block_on":1,"simplylight:illuminant_light_blue_block_on":1,"minecraft:wall_torch":10,"pfm:dark_wood_kitchen_drawer":1,"create:contraption_controls":1,"immersiveengineering:storage_steel":3,"simplylight:illuminant_lime_block_on":1,"immersiveengineering:cokebrick":8,"minecraft:wheat":4,"minecraft:jukebox":1,"minecraft:grass":40,"create:vertical_framed_glass_pane":1,"minecraft:oak_log":19,"simplylight:edge_light_top":1,"pfm:dark_wood_kitchen_counter":1,"minecraft:dirt":5,"biomesoplenty:fir_sapling":1,"simplylight:illuminant_block":1,"simplylight:illuminant_magenta_block_on":1,"minecraft:stonecutter":1,"cfm:cyan_kitchen_counter":1,"minecraft:oak_leaves":2,"minecraft:deepslate":28,"minecraft:daylight_detector":4,"createdeco:andesite_door":11,"quark:smooth_quartz_vertical_slab":2,"minecraft:tuff":17,"farmersdelight:honey_glazed_ham_block":1,"minecraft:quartz_stairs":1,"minecraft:deepslate_diamond_ore":23,"minecraft:gray_stained_glass_pane":6,"minecraft:glow_lichen":2,"create:large_cogwheel":3,"create:encased_fan":5,"quark:stone_brick_vertical_slab":2,"quark:black_framed_glass":1,"minecraft:black_stained_glass_pane":3,"create:shaft":1,"minecraft:gold_block":7,"minecraft:bell":1,"minecraft:polished_deepslate":12,"minecraft:bookshelf":1,"minecraft:deepslate_iron_ore":118,"pfm:white_freezer":1,"pfm:deepslate_kitchen_wall_counter":1,"simplylight:illuminant_red_block_on":2,"quark:smooth_stone_vertical_slab":6,"minecraft:soul_sand":7,"minecraft:dandelion":3,"minecraft:cornflower":1,"embellishcraft:polished_marble_slab":6,"minecraft:gray_stained_glass":4,"embellishcraft:gneiss_large_bricks_wall":1,"farmersdelight:carrot_crate":1,"minecraft:tall_grass":1,"minecraft:deepslate_gold_ore":43,"minecraft:cactus":2,"create:gearbox":1,"embellishcraft:smooth_marble":25,"biomesoplenty:fir_leaves":5,"minecraft:gravel":3,"minecraft:cobweb":5,"minecraft:stone_bricks":4,"simplylight:illuminant_yellow_block_on":1},"minecraft:dropped":{"sophisticatedbackpacks:stack_upgrade_tier_2":1,"minecraft:scute":2,"minecraft:leather_helmet":1,"artifacts:night_vision_goggles":1,"apocalypsenow:spiked_iron_baseball_bat":3,"firstaid:bandage":16,"quark:light_gray_shard":31,"biomesoplenty:smooth_white_sandstone":1,"nameless_trinkets:super_magnet":2,"apocalypsenow:safe":1,"minecraft:wheat":2,"minecraft:rotten_flesh":15,"apocalypsenow:bloodybandages":2,"apocalypsenow:baseball_bat":1,"minecraft:beetroot_seeds":3,"pfm:white_fridge":22,"apocalypsenow:human_flesh":6,"minecraft:wheat_seeds":9,"minecraft:cobblestone":6,"simplylight:illuminant_block":1,"quark:gray_shard":5,"minecraft:lava_bucket":1,"minecraft:iron_block":10,"apocalypsenow:fire_figther_chestplate":1,"minecraft:torch":7,"artifacts:crystal_heart":2,"minecraft:string":18,"cold_sweat:thermometer":3,"apocalypsenow:u_sarmy_chestplate":1,"quark:framed_glass_pane":30,"sophisticatedbackpacks:backpack":4,"apocalypsenow:iron_baseball_bat":1,"minecraft:diamond_pickaxe":1},"minecraft:broken":{"apocalypsenow:u_sarmy_boots":1,"apocalypsenow:electric_baton":1,"apocalypsenow:construction_leggings":1,"justhammers:diamond_hammer":1,"minecraft:iron_pickaxe":1},"minecraft:used":{"minecraft:beetroot":1,"minecraft:polished_deepslate":12,"apocalypsenow:premium_hammer":7,"immersiveengineering:seed":1,"minecraft:chest":7,"farmersdelight:stove":1,"apocalypsenow:spear":8,"apocalypsenow:chips":3,"farmersdelight:melon_juice":1,"farmersdelight:roasted_mutton_chops":2,"farmersdelight:fish_stew":1,"immersiveengineering:cokebrick":27,"minecraft:tuff":65,"minecraft:cyan_terracotta":10,"apocalypsenow:coffee":2,"farmersdelight:fried_rice":2,"farmersdelight:melon_popsicle":2,"farmersdelight:rotten_tomato":1,"minecraft:stone_bricks":2,"minecraft:oak_sapling":12,"minecraft:furnace":2,"minecraft:beetroot_seeds":3,"apocalypsenow:combat_knife":93,"apocalypsenow:royal_canada_police_officer_boots":1,"apocalypsenow:police_chestplate":1,"apocalypsenow:energy_drink":1,"embellishcraft:andesite_button":1,"apocalypsenow:electric_baton":1026,"pfm:white_fridge":2,"minecraft:oak_planks":7,"simplylight:edge_light_top":1,"minecraft:diamond_axe":66,"minecraft:golden_apple":3,"apocalypsenow:whisky":4,"minecraft:pumpkin_seeds":2,"apocalypsenow:coke":17,"farmersdelight:ratatouille":1,"apocalypsenow:tatical_mace":306,"easy_villagers:villager":2,"immersiveengineering:hammer":1,"apocalypsenow:iron_baseball_bat":783,"apocalypsenow:dagger":24,"minecraft:bone_meal":227,"farmersdelight:vegetable_noodles":3,"minecraft:torch":220,"apocalypsenow:u_sarmy_chestplate":1,"minecraft:dirt":6,"minecraft:anvil":2,"apocalypsenow:grape_juice":12,"apocalypsenow:orange_juice":1,"apocalypsenow:police_leggings":2,"easy_villagers:trader":3,"biomesoplenty:smooth_white_sandstone":2,"apocalypsenow:porpsi":1,"farmersdelight:tomato_seeds":1,"minecraft:cobbled_deepslate":63,"sophisticatedbackpacks:gold_backpack":1,"minecraft:wheat_seeds":3,"minecraft:water_bucket":2,"apocalypsenow:vodka":1,"farmersdelight:honey_glazed_ham_block":1,"easy_villagers:farmer":1,"minecraft:cauldron":1,"minecraft:deepslate_bricks":1,"justhammers:diamond_hammer":1152,"minecraft:crafting_table":4,"apocalypsenow:spiked_iron_baseball_bat":70,"apocalypsenow:police_helmet":1,"minecraft:diamond_pickaxe":409,"minecraft:apple":1,"farmersdelight:apple_cider":3,"farmersdelight:pasta_with_meatballs":1,"minecraft:iron_pickaxe":259,"cgm:grenade":4,"minecraft:cobblestone":2,"apocalypsenow:peach_juice":3,"minecraft:bucket":3,"farmersdelight:fruit_salad":1,"minecraft:dandelion":3,"create:bar_of_chocolate":4,"apocalypsenow:u_sarmy_helmet":1},"minecraft:custom":{"lootr:looted_stat":102,"minecraft:interact_with_crafting_table":35,"minecraft:bell_ring":1,"minecraft:leave_game":18,"minecraft:time_since_death":1175,"minecraft:sprint_one_cm":581102,"minecraft:drop":52,"minecraft:talked_to_villager":27,"minecraft:play_time":602881,"minecraft:deaths":15,"minecraft:jump":2926,"minecraft:interact_with_brewingstand":1,"minecraft:walk_on_water_one_cm":19305,"minecraft:interact_with_furnace":4,"minecraft:traded_with_villager":228,"minecraft:interact_with_cartography_table":1,"minecraft:stove_opened":3,"minecraft:sleep_in_bed":1,"minecraft:damage_dealt":102425,"minecraft:player_kills":5,"minecraft:crouch_one_cm":52023,"minecraft:interact_with_anvil":4,"minecraft:mob_kills":771,"minecraft:damage_dealt_resisted":1219,"minecraft:climb_one_cm":28784,"minecraft:walk_one_cm":2016451,"minecraft:fridge_opened":319,"minecraft:chair_used":1,"minecraft:damage_dealt_absorbed":233,"minecraft:sneak_time":16561,"minecraft:walk_under_water_one_cm":35882,"minecraft:drawer_searched":92,"minecraft:total_world_time":602881,"minecraft:trashcan_opened":1,"minecraft:time_since_rest":1240,"minecraft:damage_taken":10887,"minecraft:swim_one_cm":15312,"minecraft:freezer_opened":18,"minecraft:fly_one_cm":500068,"minecraft:open_chest":621,"minecraft:fall_one_cm":68743}},"DataVersion":2975}