{"stats":{"minecraft:killed":{"undead_revamp2:thesmoker":14,"undead_revamp2:thepregnant":2,"zombie_extreme:runner":2,"zombiemobs:zombie_bear":1,"zombie_extreme:crawler":2,"minecraft:husk":40,"undead_revamp2:the_moonflower":6,"zombiemobs:zombie_fox":1,"minecraft:zombie":158,"zombiemobs:zombie_goat":1,"alexsmobs:fly":1},"minecraft:mined":{"farmersdelight:honey_glazed_ham_block":4,"embellishcraft:sturdy_steel_door":1,"farmersdelight:rice_bag":9,"minecraft:oak_sapling":2,"minecraft:mossy_cobblestone":1,"farmersdelight:roast_chicken_block":3,"pfm:basic_plate":1,"minecraft:brewing_stand":1,"minecraft:stone_brick_wall":1,"minecraft:grass_block":2,"minecraft:spawner":23,"embellishcraft:smooth_basalt":1,"minecraft:smooth_stone":12,"minecraft:oak_trapdoor":5,"embellishcraft:smooth_marble_slab":1,"minecraft:furnace":4,"minecraft:anvil":1,"minecraft:gold_block":11,"pfm:white_fridge":7,"minecraft:bookshelf":38,"minecraft:oak_stairs":9,"minecraft:quartz_slab":5,"simplylight:rodlamp":11,"minecraft:stone":9,"minecraft:iron_block":21,"farmersdelight:cooking_pot":1,"pfm:white_freezer":1,"minecraft:cyan_terracotta":40,"quark:oak_chest":8,"pfm:basic_sink":1,"farmersdelight:potato_crate":1,"quark:spruce_bookshelf":4,"appletreesrev:apple_leaves":1,"minecraft:crafting_table":4,"apocalypsenow:money_block":7,"minecraft:torch":9,"minecraft:gray_stained_glass":17,"quark:framed_glass_pane":17,"pfm:wall_toilet_paper":1,"minecraft:stone_slab":1,"cfm:spruce_blinds":14,"minecraft:tall_grass":1,"minecraft:cobblestone":8,"minecraft:oak_planks":5,"createaddition:barbed_wire":56,"minecraft:iron_door":7,"minecraft:wall_torch":14,"immersiveengineering:concrete":1,"farmersdelight:skillet":1,"farmersdelight:stuffed_pumpkin_block":2,"farmersdelight:shepherds_pie_block":1,"pfm:basic_toilet":1,"minecraft:light_gray_stained_glass":8,"farmersdelight:cutting_board":2,"quark:gunpowder_sack":8,"minecraft:light_gray_wool":705,"farmersdelight:rice_roll_medley_block":1,"minecraft:stone_brick_stairs":6,"minecraft:grass":4,"embellishcraft:smooth_marble":13,"minecraft:oak_log":4,"minecraft:dirt":3,"minecraft:cobweb":11,"farmersdelight:stove":1,"simplylight:illuminant_block":1,"minecraft:oak_leaves":3,"minecraft:emerald_block":6},"minecraft:crafted":{"minecraft:oak_trapdoor":2,"minecraft:stone_pickaxe":1,"minecraft:crafting_table":1,"minecraft:stone_axe":1,"minecraft:air":148,"quark:oak_chest":1,"minecraft:stone_sword":1},"minecraft:used":{"minecraft:oak_fence":9,"minecraft:oak_trapdoor":29,"minecraft:stone_sword":6,"minecraft:torch":74,"minecraft:dirt":161,"create:andesite_door":2,"embellishcraft:smooth_marble":5,"minecraft:wooden_axe":9,"minecraft:cyan_terracotta":8,"minecraft:lava_bucket":7,"minecraft:quartz_slab":6,"minecraft:grass_block":100,"minecraft:oak_stairs":37,"carryon:entity_item":5,"minecraft:stone_brick_stairs":19,"immersiveengineering:concrete":1,"appletreesrev:gapple_sapling":3,"pfm:white_freezer":1,"minecraft:furnace":10,"minecraft:oak_sapling":2,"zombie_extreme:wire":1,"minecraft:iron_leggings":1,"quark:framed_glass_pane":8,"pfm:white_fridge":4,"minecraft:stone_pickaxe":133,"minecraft:oak_planks":64,"cfm:spruce_blinds":22,"appletreesrev:apple_sapling":3,"minecraft:wooden_pickaxe":10,"minecraft:blue_bed":1,"minecraft:golden_apple":9,"createaddition:barbed_wire":98,"minecraft:oak_slab":86,"minecraft:crafting_table":7,"embellishcraft:oak_plain_door":4,"minecraft:shears":705,"pfm:oak_purple_simple_bed":1,"embellishcraft:smooth_marble_slab":1,"minecraft:oak_log":24,"apocalypsenow:tatical_mace":540,"minecraft:apple":1,"minecraft:bread":9,"minecraft:iron_pickaxe":173,"minecraft:stone_slab":1,"minecraft:iron_door":1,"minecraft:stone_axe":103,"minecraft:cobblestone":41,"minecraft:potion":17,"minecraft:grindstone":1,"minecraft:glass_pane":5,"create:framed_glass_door":2,"cfm:oak_upgraded_gate":2,"quark:oak_chest":17,"minecraft:smooth_stone":14,"minecraft:bone_meal":16,"minecraft:gray_stained_glass":3},"minecraft:broken":{"minecraft:shears":2,"minecraft:stone_pickaxe":1,"minecraft:stone_axe":1},"minecraft:custom":{"lootr:looted_stat":32,"minecraft:mob_kills":231,"minecraft:interact_with_crafting_table":11,"minecraft:bell_ring":5,"minecraft:damage_dealt_resisted":292,"minecraft:leave_game":6,"minecraft:time_since_death":3597,"minecraft:climb_one_cm":42776,"minecraft:sprint_one_cm":257741,"minecraft:walk_one_cm":777152,"minecraft:fridge_opened":37,"minecraft:drop":3,"minecraft:damage_dealt_absorbed":44,"minecraft:talked_to_villager":2,"minecraft:play_time":240131,"minecraft:deaths":6,"minecraft:sneak_time":8187,"minecraft:walk_under_water_one_cm":3434,"minecraft:jump":891,"minecraft:walk_on_water_one_cm":1571,"minecraft:total_world_time":240131,"minecraft:interact_with_furnace":1,"minecraft:sleep_in_bed":2,"minecraft:time_since_rest":3629,"minecraft:damage_taken":2034,"minecraft:damage_dealt":23565,"minecraft:swim_one_cm":10050,"minecraft:fly_one_cm":502392,"minecraft:freezer_opened":7,"minecraft:open_chest":213,"minecraft:crouch_one_cm":16586,"minecraft:fall_one_cm":10841},"minecraft:killed_by":{"minecraft:husk":3,"zombie_extreme:infected_police":1,"minecraft:zombie":2},"minecraft:dropped":{"quark:gray_shard":34,"minecraft:gray_stained_glass":1,"minecraft:leather_chestplate":1},"minecraft:picked_up":{"minecraft:crafting_table":4,"minecraft:anvil":1,"minecraft:stone_slab":1,"minecraft:oak_stairs":9,"minecraft:stone_brick_wall":1,"minecraft:gold_block":11,"farmersdelight:tomato_sauce":10,"quark:gunpowder_sack":8,"minecraft:stone_brick_stairs":6,"pfm:white_freezer":1,"minecraft:brewing_stand":1,"farmersdelight:cutting_board":2,"minecraft:string":229,"minecraft:oak_trapdoor":5,"minecraft:quartz_slab":6,"cfm:spruce_blinds":14,"embellishcraft:smooth_marble_slab":1,"minecraft:smooth_stone":12,"farmersdelight:cabbage":4,"embellishcraft:sturdy_steel_door":1,"minecraft:light_gray_wool":704,"minecraft:egg":1,"minecraft:furnace":4,"farmersdelight:kelp_roll_slice":6,"minecraft:stick":7,"farmersdelight:potato_crate":1,"embellishcraft:smooth_marble":11,"minecraft:torch":34,"minecraft:bowl":5,"minecraft:dried_kelp":13,"minecraft:carrot":3,"immersiveengineering:concrete":1,"minecraft:rotten_flesh":230,"createaddition:barbed_wire":55,"farmersdelight:onion":1,"minecraft:iron_block":21,"minecraft:cyan_terracotta":34,"apocalypsenow:money_block":7,"minecraft:cobblestone":17,"simplylight:rodlamp":11,"tac:round45":13,"farmersdelight:rice":10,"minecraft:iron_door":7,"minecraft:salmon":19,"apocalypsenow:green_bikers_helmet":1,"biomesoplenty:fir_sapling":1,"appletreesrev:apple_log":17,"minecraft:potato":2,"farmersdelight:roast_chicken_block":3,"minecraft:oak_log":31,"apocalypsenow:construction_chestplate":1,"farmersdelight:cod_roll":4,"minecraft:dirt":5,"farmersdelight:shepherds_pie_block":1,"farmersdelight:honey_glazed_ham_block":4,"minecraft:bone":220,"minecraft:apple":31,"farmersdelight:cooking_pot":1,"farmersdelight:vegetable_soup":9,"farmersdelight:salmon_roll":6,"minecraft:wheat_seeds":2,"apocalypsenow:human_flesh":7,"apocalypsenow:money":2,"apocalypsenow:red_bikers_helmet":1,"minecraft:iron_ingot":4,"pfm:basic_toilet":1,"simplylight:illuminant_block":1,"tac:9mm_round":14,"minecraft:oak_planks":5,"minecraft:book":126,"quark:light_gray_shard":24,"apocalypsenow:u_sarmy_chestplate":1,"minecraft:emerald_block":6,"farmersdelight:stuffed_pumpkin_block":2,"minecraft:oak_pressure_plate":1,"pfm:white_fridge":7,"quark:oak_chest":8,"minecraft:mossy_cobblestone":1,"pfm:basic_sink":1,"pfm:wall_toilet_paper":1,"quark:framed_glass_pane":17,"farmersdelight:rice_bag":9,"minecraft:golden_apple":10,"minecraft:bread":9,"alexsmobs:maggot":1,"quark:gray_shard":53,"minecraft:oak_sapling":25,"apocalypsenow:construction_helmet":1,"farmersdelight:stove":1}},"DataVersion":2975}