{"stats":{"minecraft:custom":{"lootr:looted_stat":95,"minecraft:interact_with_crafting_table":44,"minecraft:bell_ring":5,"minecraft:leave_game":14,"minecraft:time_since_death":3761,"minecraft:sprint_one_cm":950725,"minecraft:drop":77,"minecraft:talked_to_villager":4,"minecraft:play_time":721388,"minecraft:deaths":16,"minecraft:jump":2504,"minecraft:interact_with_brewingstand":1,"minecraft:walk_on_water_one_cm":15214,"minecraft:interact_with_furnace":13,"minecraft:stove_opened":5,"minecraft:sleep_in_bed":5,"minecraft:damage_dealt":72958,"minecraft:crouch_one_cm":54985,"minecraft:mob_kills":788,"minecraft:damage_dealt_resisted":4326,"minecraft:climb_one_cm":69736,"minecraft:walk_one_cm":2430106,"minecraft:fridge_opened":237,"minecraft:chair_used":2,"minecraft:damage_dealt_absorbed":427,"minecraft:sneak_time":23264,"minecraft:walk_under_water_one_cm":21628,"minecraft:drawer_searched":89,"minecraft:total_world_time":721388,"minecraft:time_since_rest":3804,"minecraft:cabinet_searched":4,"minecraft:damage_taken":9212,"minecraft:swim_one_cm":34860,"minecraft:freezer_opened":25,"minecraft:fly_one_cm":974341,"minecraft:open_chest":902,"minecraft:fall_one_cm":58014},"minecraft:used":{"createdeco:andesite_door":1,"minecraft:chest":5,"farmersdelight:sweet_berry_cheesecake":11,"minecraft:carrot":21,"farmersdelight:fried_rice":1,"embellishcraft:smooth_marble":10,"simplylight:illuminant_panel":6,"minecraft:lava_bucket":18,"minecraft:cyan_terracotta":12,"farmersdelight:vegetable_soup":15,"ag_day_counter:calendar":1,"simplylight:rodlamp":13,"minecraft:quartz_slab":6,"minecraft:grass_block":112,"create:scoria":8,"minecraft:stone_brick_stairs":19,"minecraft:stone_bricks":7,"farmersdelight:tomato_sauce":26,"immersiveengineering:concrete":1,"pfm:white_freezer":1,"minecraft:oak_sapling":13,"minecraft:furnace":10,"minecraft:beetroot_seeds":9,"minecraft:potato":17,"farmersdelight:beef_stew":7,"pfm:white_fridge":11,"quark:framed_glass_pane":18,"minecraft:stone_pickaxe":133,"minecraft:oak_planks":65,"cfm:spruce_blinds":22,"minecraft:wooden_pickaxe":10,"minecraft:blue_bed":1,"minecraft:diamond_axe":343,"minecraft:golden_apple":10,"apocalypsenow:coke":45,"pfm:oak_purple_simple_bed":3,"minecraft:shears":1294,"minecraft:redstone_torch":2,"apocalypsenow:tatical_mace":1092,"minecraft:bread":43,"minecraft:iron_door":8,"embellishcraft:smooth_basalt":6,"apocalypsenow:knife_spear":18,"minecraft:grindstone":1,"minecraft:andesite":2,"create:framed_glass_door":2,"minecraft:smooth_stone_slab":16,"cfm:oak_upgraded_gate":2,"minecraft:bone_meal":117,"minecraft:gray_stained_glass":3,"minecraft:oak_fence":9,"minecraft:oak_trapdoor":343,"minecraft:stone_sword":6,"minecraft:torch":175,"minecraft:dirt":433,"create:andesite_door":2,"minecraft:wooden_axe":9,"minecraft:oak_stairs":38,"carryon:entity_item":5,"appletreesrev:gapple_sapling":3,"apocalypsenow:night_stick":820,"zombie_extreme:wire":1,"minecraft:iron_leggings":1,"minecraft:wheat_seeds":21,"appletreesrev:apple_sapling":4,"embellishcraft:red_pillow":1,"createaddition:barbed_wire":717,"minecraft:oak_slab":86,"minecraft:crafting_table":7,"embellishcraft:oak_plain_door":4,"embellishcraft:smooth_marble_slab":1,"minecraft:oak_log":24,"minecraft:diamond_pickaxe":677,"minecraft:apple":1,"minecraft:diamond_shovel":2155,"minecraft:iron_pickaxe":255,"cgm:grenade":1,"minecraft:stone_slab":1,"minecraft:stone_axe":103,"minecraft:potion":127,"minecraft:cobblestone":45,"minecraft:bucket":9,"minecraft:glass_pane":5,"quark:oak_chest":32,"farmersdelight:fruit_salad":4,"minecraft:smooth_stone":15},"minecraft:broken":{"minecraft:shears":5,"minecraft:stone_pickaxe":1,"minecraft:diamond_shovel":1,"minecraft:stone_axe":1,"apocalypsenow:night_stick":1,"apocalypsenow:police_boots":1,"minecraft:iron_pickaxe":1},"minecraft:picked_up":{"apocalypsenow:energy_drink":1,"minecraft:wheat":14,"minecraft:anvil":2,"embellishcraft:warning_steel_door":1,"minecraft:stone_slab":1,"appletreesrev:apple_sapling":3,"minecraft:oak_stairs":60,"apocalypsenow:can_opener":3,"pfm:white_freezer":1,"minecraft:stone_brick_stairs":6,"minecraft:brewing_stand":1,"farmersdelight:cutting_board":3,"minecraft:string":792,"minecraft:raw_copper":64,"minecraft:smooth_stone_slab":16,"cfm:spruce_blinds":14,"embellishcraft:smooth_marble_slab":1,"minecraft:beetroot":4,"minecraft:smooth_stone":15,"farmersdelight:cabbage":4,"immersiveengineering:steel_slope":30,"minecraft:redstone_torch":2,"create:contraption_controls":1,"minecraft:furnace":5,"minecraft:stick":115,"create:train_door":2,"simplylight:illuminant_panel":7,"farmersdelight:potato_crate":10,"immersiveengineering:connector_hv":6,"embellishcraft:smooth_marble":31,"farmersdelight:rotten_tomato":1,"minecraft:oak_fence":6,"minecraft:torch":116,"minecraft:dried_kelp":13,"sophisticatedbackpacks:stack_upgrade_tier_2":1,"camera:album":2,"minecraft:cauldron":1,"create:large_cogwheel":1,"farmersdelight:tomato_crate":2,"minecraft:rotten_flesh":764,"create:scoria":8,"createaddition:barbed_wire":172,"farmersdelight:onion":5,"minecraft:iron_block":37,"minecraft:cyan_terracotta":40,"apocalypsenow:money_block":7,"minecraft:cobblestone":110,"tac:round45":107,"simplylight:rodlamp":28,"farmersdelight:rice":10,"minecraft:iron_door":18,"minecraft:andesite":2,"createdeco:andesite_door":1,"appletreesrev:apple_log":35,"minecraft:potato":43,"biomesoplenty:fir_sapling":1,"apocalypsenow:cereal":10,"farmersdelight:roast_chicken_block":6,"apocalypsenow:construction_chestplate":1,"farmersdelight:carrot_crate":4,"immersiveengineering:sheetmetal_iron":68,"farmersdelight:cod_roll":4,"farmersdelight:tomato":19,"minecraft:dirt":2074,"farmersdelight:shepherds_pie_block":3,"minecraft:bone":840,"apocalypsenow:human_flesh":11,"farmersdelight:salmon_roll":6,"farmersdelight:vegetable_soup":9,"minecraft:wheat_seeds":109,"pfm:basic_toilet":1,"create:shaft":6,"tac:9mm_round":126,"minecraft:oak_planks":40,"biomesoplenty:toadstool":1,"apocalypsenow:u_sarmy_chestplate":2,"farmersdelight:stuffed_pumpkin_block":4,"create:cogwheel":7,"apocalypsenow:small_can":1,"minecraft:oak_pressure_plate":1,"apocalypsenow:chips":6,"minecraft:sand":52,"immersiveengineering:raw_aluminum":11,"immersiveengineering:coil_lv":8,"apocalypsenow:black_motorcycle_helmet_helmet":1,"minecraft:ink_sac":8,"minecraft:diamond_block":1,"embellishcraft:red_pillow":2,"apocalypsenow:dagger":1,"minecraft:mossy_cobblestone":9,"apocalypsenow:golf_stick":1,"apocalypsenow:red_motorcycle_helmet_helmet":1,"artifacts:crystal_heart":1,"apocalypsenow:black_bikers_helmet":1,"minecraft:golden_apple":10,"farmersdelight:rice_bag":9,"minecraft:bread":9,"minecraft:chainmail_helmet":1,"alexsmobs:maggot":14,"minecraft:oak_sapling":194,"apocalypsenow:construction_helmet":4,"minecraft:crafting_table":5,"apocalypsenow:letter_opener":2,"apocalypsenow:fire_figther_boots":1,"minecraft:chicken":1,"minecraft:leather_leggings":1,"immersiveengineering:heavy_engineering":16,"minecraft:stone_brick_wall":1,"farmersdelight:tomato_sauce":10,"minecraft:gold_block":18,"quark:gunpowder_sack":12,"embellishcraft:brown_dark_oak_fancy_bed":1,"minecraft:oak_trapdoor":14,"minecraft:quartz_slab":6,"immersiveengineering:coil_hv":3,"embellishcraft:smooth_basalt":6,"apocalypsenow:construction_boots":9,"apocalypsenow:mace":1,"embellishcraft:sturdy_steel_door":10,"minecraft:light_gray_wool":1293,"farmersdelight:kelp_roll_slice":6,"minecraft:egg":5,"minecraft:raw_iron":4,"minecraft:oak_door":1,"minecraft:copper_ingot":1,"minecraft:bowl":17,"sophisticatedbackpacks:backpack":3,"farmersdelight:tomato_seeds":12,"create:hand_crank":2,"minecraft:carrot":96,"immersiveengineering:concrete":1,"tac:b_magnum":31,"create:vertical_gearbox":2,"immersiveengineering:steel_scaffolding_standard":30,"minecraft:beetroot_seeds":12,"minecraft:hay_block":24,"embellishcraft:smooth_slate_stairs":1,"firstaid:bandage":3,"minecraft:mutton":4,"immersiveengineering:light_engineering":4,"apocalypsenow:fire_figther_chestplate":2,"minecraft:stripped_oak_log":16,"immersiveengineering:metal_barrel":23,"pfm:oak_purple_simple_bed":2,"minecraft:salmon":19,"apocalypsenow:green_bikers_helmet":3,"minecraft:oak_log":330,"immersiveengineering:floodlight":1,"minecraft:gunpowder":22,"minecraft:paper":6,"embellishcraft:gneiss_large_bricks_wall":2,"farmersdelight:honey_glazed_ham_block":7,"apocalypsenow:construction_leggings":2,"minecraft:apple":91,"minecraft:stone_bricks":10,"farmersdelight:cooking_pot":1,"minecraft:iron_ingot":8,"tac:nato_556_bullet":2,"apocalypsenow:money":18,"apocalypsenow:red_bikers_helmet":3,"minecraft:glass_bottle":18,"simplylight:illuminant_block":1,"tac:ae50":47,"create:elevator_pulley":2,"minecraft:book":309,"quark:light_gray_shard":34,"pfm:basic_plate":1,"minecraft:emerald_block":9,"minecraft:pumpkin":6,"embellishcraft:smooth_basalt_slab":2,"minecraft:white_bed":1,"pfm:white_fridge":28,"quark:oak_chest":15,"create:gearbox":1,"pfm:basic_sink":1,"immersiveengineering:steel_fence":9,"nameless_trinkets:super_magnet":1,"pfm:wall_toilet_paper":1,"immersiveengineering:seed":63,"quark:framed_glass_pane":28,"apocalypsenow:safe":1,"quark:gray_shard":76,"immersiveengineering:capacitor_hv":4,"farmersdelight:stove":1,"immersiveengineering:hammer":3,"minecraft:coal":27},"minecraft:crafted":{"minecraft:glass":42,"minecraft:diamond_axe":1,"minecraft:crafting_table":1,"minecraft:diamond_pickaxe":1,"quark:oak_chest":1,"minecraft:stone_sword":1,"minecraft:oak_trapdoor":2,"apocalypsenow:night_stick":1,"minecraft:stone_pickaxe":1,"minecraft:stone_axe":1,"minecraft:air":2155},"minecraft:dropped":{"sophisticatedbackpacks:stack_upgrade_tier_2":1,"minecraft:glass_bottle":10,"quark:light_gray_shard":2,"apocalypsenow:construction_helmet":1,"minecraft:sand":1,"create:elevator_pulley":1,"minecraft:bone":38,"embellishcraft:gneiss_large_bricks_wall":2,"minecraft:rotten_flesh":482,"embellishcraft:sturdy_steel_door":4,"minecraft:leather_chestplate":1,"minecraft:egg":4,"minecraft:wheat_seeds":2,"quark:gray_shard":37,"minecraft:stick":4,"minecraft:torch":80,"minecraft:string":4,"minecraft:gray_stained_glass":1,"quark:framed_glass_pane":1,"minecraft:bowl":10,"embellishcraft:smooth_marble":14,"minecraft:oak_sapling":5,"minecraft:stone_bricks":3},"minecraft:mined":{"immersiveengineering:capacitor_hv":4,"pfm:dark_wood_kitchen_sink":1,"embellishcraft:sturdy_steel_door":8,"immersiveengineering:lightning_rod":1,"farmersdelight:rice_bag":15,"minecraft:white_bed":1,"minecraft:oak_sapling":10,"farmersdelight:roast_chicken_block":5,"pfm:basic_plate":1,"farmersdelight:tomato_crate":2,"minecraft:brewing_stand":1,"minecraft:grass_block":1395,"minecraft:stone_brick_wall":1,"biomesoplenty:smooth_white_sandstone":2,"appletreesrev:apple_sapling":1,"minecraft:spawner":78,"embellishcraft:smooth_basalt":7,"minecraft:smooth_stone":15,"minecraft:iron_ore":4,"minecraft:pumpkin":6,"minecraft:anvil":2,"pfm:white_fridge":34,"minecraft:dirt_path":6,"minecraft:oak_stairs":60,"minecraft:quartz_slab":5,"simplylight:rodlamp":28,"minecraft:iron_block":37,"create:cogwheel":7,"minecraft:quartz_block":2,"minecraft:cyan_terracotta":46,"immersiveengineering:coil_hv":3,"farmersdelight:potato_crate":10,"immersiveengineering:metal_barrel":23,"apocalypsenow:money_block":7,"minecraft:torch":10,"farmersdelight:cabbage_crate":1,"quark:framed_glass_pane":28,"create:scoria":8,"embellishcraft:smooth_slate_stairs":1,"create:train_door":2,"minecraft:cobblestone":43,"minecraft:oak_planks":40,"createaddition:barbed_wire":173,"minecraft:iron_door":18,"minecraft:wall_torch":26,"minecraft:cauldron":1,"create:contraption_controls":1,"pfm:basic_toilet":1,"minecraft:light_gray_stained_glass":11,"farmersdelight:cutting_board":2,"minecraft:wheat":31,"quark:gunpowder_sack":12,"minecraft:light_gray_wool":1294,"farmersdelight:rice_roll_medley_block":1,"minecraft:stone_brick_stairs":6,"minecraft:smooth_stone_slab":16,"minecraft:grass":143,"minecraft:oak_log":7,"minecraft:beetroots":4,"create:hand_crank":2,"minecraft:sand":52,"minecraft:dirt":673,"immersiveengineering:steel_fence":9,"simplylight:illuminant_block":1,"minecraft:stonecutter":1,"embellishcraft:red_pillow":1,"minecraft:oak_leaves":16,"minecraft:emerald_block":9,"farmersdelight:honey_glazed_ham_block":7,"farmersdelight:onions":1,"minecraft:mossy_cobblestone":9,"minecraft:dark_oak_leaves":2,"minecraft:oak_door":1,"minecraft:gray_stained_glass_pane":2,"simplylight:illuminant_panel":7,"create:large_cogwheel":1,"embellishcraft:smooth_basalt_slab":2,"farmersdelight:tomatoes":12,"minecraft:hay_block":24,"create:shaft":6,"minecraft:oak_trapdoor":14,"embellishcraft:smooth_marble_slab":1,"minecraft:furnace":5,"minecraft:carrots":24,"immersiveengineering:coil_lv":8,"minecraft:andesite":2,"minecraft:diamond_block":1,"immersiveengineering:steel_slope":30,"minecraft:gold_block":18,"minecraft:bookshelf":95,"minecraft:potatoes":10,"embellishcraft:warning_steel_door":1,"pfm:oak_purple_simple_bed":2,"minecraft:stripped_oak_log":16,"biomesoplenty:barley":5,"immersiveengineering:light_engineering":3,"create:elevator_pulley":1,"minecraft:stone":67,"minecraft:cake":1,"immersiveengineering:ore_aluminum":11,"minecraft:redstone_wall_torch":1,"farmersdelight:cooking_pot":1,"minecraft:smithing_table":2,"pfm:white_freezer":1,"immersiveengineering:floodlight":1,"minecraft:glass_pane":3,"immersiveengineering:sheetmetal_iron":66,"quark:oak_chest":15,"pfm:basic_sink":1,"appletreesrev:apple_leaves":3,"minecraft:oak_fence":6,"quark:spruce_bookshelf":8,"minecraft:crafting_table":6,"minecraft:gray_stained_glass":26,"immersiveengineering:heavy_engineering":16,"pfm:wall_toilet_paper":1,"createaddition:honey_cake":1,"farmersdelight:carrot_crate":5,"minecraft:stone_slab":1,"cfm:spruce_blinds":14,"embellishcraft:gneiss_large_bricks_wall":2,"minecraft:tall_grass":18,"minecraft:copper_ore":18,"immersiveengineering:concrete":1,"farmersdelight:skillet":1,"farmersdelight:stuffed_pumpkin_block":4,"farmersdelight:shepherds_pie_block":3,"create:gearbox":3,"minecraft:redstone_torch":1,"minecraft:birch_leaves":3,"embellishcraft:smooth_marble":24,"immersiveengineering:steel_scaffolding_standard":30,"minecraft:coal_ore":23,"immersiveengineering:tank":2,"embellishcraft:brown_dark_oak_fancy_bed":1,"biomesoplenty:fir_leaves":4,"createaddition:chocolate_cake":1,"farmersdelight:stove":1,"minecraft:cobweb":26,"minecraft:stone_bricks":8},"minecraft:killed_by":{"minecraft:zombie":3,"minecraft:husk":5,"minecraft:player":4,"zombie_extreme:infected_police":1},"minecraft:killed":{"undead_revamp2:thesmoker":33,"zombiemobs:zombie_dolphin":1,"undead_revamp2:thepregnant":2,"zombiemobs:zombie_pig":1,"minecraft:zombie_villager":1,"zombiemobs:zombie_fox":1,"minecraft:zombie":530,"zombie_extreme:infected_police":2,"alexsmobs:fly":5,"hordes:zombie_player":1,"alexsmobs:seagull":1,"undead_revamp2:bomber":14,"minecraft:drowned":3,"zombie_extreme:runner":17,"zombiemobs:zombie_bear":1,"zombie_extreme:crawler":8,"minecraft:husk":148,"undead_revamp2:the_moonflower":6,"mutationcraft:assimilated_human":1,"zombiemobs:zombie_goat":1}},"DataVersion":2975}