{"stats":{"minecraft:custom":{"lootr:looted_stat":35,"minecraft:mob_kills":247,"minecraft:interact_with_crafting_table":22,"minecraft:bell_ring":1,"minecraft:damage_dealt_resisted":92,"minecraft:leave_game":2,"minecraft:time_since_death":342,"minecraft:climb_one_cm":8621,"minecraft:sprint_one_cm":129451,"minecraft:walk_one_cm":474704,"minecraft:fridge_opened":35,"minecraft:drop":9,"minecraft:chair_used":1,"minecraft:talked_to_villager":15,"minecraft:play_time":139286,"minecraft:deaths":5,"minecraft:sneak_time":1545,"minecraft:jump":585,"minecraft:drawer_searched":40,"minecraft:walk_on_water_one_cm":201,"minecraft:total_world_time":139286,"minecraft:interact_with_furnace":2,"minecraft:traded_with_villager":59,"minecraft:stove_opened":3,"minecraft:trashcan_opened":1,"minecraft:time_since_rest":374,"minecraft:damage_taken":2494,"minecraft:damage_dealt":21601,"minecraft:freezer_opened":9,"minecraft:fly_one_cm":91552,"minecraft:player_kills":3,"minecraft:open_chest":107,"minecraft:crouch_one_cm":3850,"minecraft:fall_one_cm":25487},"minecraft:used":{"minecraft:beetroot":1,"immersiveengineering:seed":1,"apocalypsenow:chips":3,"minecraft:torch":38,"farmersdelight:roasted_mutton_chops":1,"apocalypsenow:u_sarmy_chestplate":1,"minecraft:dirt":2,"apocalypsenow:grape_juice":6,"farmersdelight:fish_stew":1,"apocalypsenow:police_leggings":2,"biomesoplenty:smooth_white_sandstone":2,"minecraft:stone_bricks":2,"minecraft:furnace":1,"minecraft:beetroot_seeds":3,"farmersdelight:tomato_seeds":1,"apocalypsenow:royal_canada_police_officer_boots":1,"minecraft:wheat_seeds":3,"apocalypsenow:police_chestplate":1,"apocalypsenow:energy_drink":1,"apocalypsenow:electric_baton":707,"pfm:white_fridge":2,"minecraft:oak_planks":1,"minecraft:cauldron":1,"minecraft:crafting_table":3,"apocalypsenow:police_helmet":1,"easy_villagers:villager":1,"minecraft:iron_pickaxe":97,"apocalypsenow:dagger":24,"apocalypsenow:peach_juice":2,"apocalypsenow:u_sarmy_helmet":1},"minecraft:broken":{"apocalypsenow:u_sarmy_boots":1},"minecraft:picked_up":{"biomesoplenty:smooth_white_sandstone":2,"minecraft:crafting_table":1,"minecraft:wheat":2,"minecraft:smithing_table":2,"apocalypsenow:blue_football_armor_helmet":1,"apocalypsenow:u_sarmy_helmet":2,"farmersdelight:cutting_board":1,"minecraft:string":146,"minecraft:beetroot":1,"apocalypsenow:construction_boots":8,"simplylight:edge_light_top":1,"embellishcraft:sturdy_steel_door":4,"createdeco:yellow_decal":1,"immersiveengineering:connector_hv":4,"embellishcraft:smooth_marble":4,"farmersdelight:cabbage_crate":2,"minecraft:torch":61,"apocalypsenow:pipe_wrench":1,"sophisticatedbackpacks:stack_upgrade_tier_2":1,"minecraft:carrot":8,"pfm:dark_wood_modern_stool":1,"camera:album":1,"minecraft:cauldron":1,"minecraft:rotten_flesh":219,"minecraft:beetroot_seeds":3,"pfm:dark_wood_kitchen_drawer":1,"apocalypsenow:u_sarmy_boots":3,"immersiveengineering:metal_barrel":8,"tac:round45":16,"apocalypsenow:club":1,"apocalypsenow:hunting_helmet":1,"pfm:dark_wood_kitchen_counter":1,"createdeco:andesite_door":10,"minecraft:potato":2,"apocalypsenow:construction_chestplate":2,"farmersdelight:carrot_crate":2,"minecraft:dirt":3,"embellishcraft:gneiss_large_bricks_wall":1,"apocalypsenow:rain_collector":1,"apocalypsenow:u_sarmy_leggings":2,"minecraft:bone":208,"apocalypsenow:construction_leggings":3,"minecraft:apple":1,"minecraft:stone_bricks":4,"minecraft:stonecutter":1,"minecraft:wheat_seeds":5,"apocalypsenow:human_flesh":2,"minecraft:bell":1,"apocalypsenow:money":7,"embellishcraft:spruce_wooden_crate":2,"tac:9mm_round":23,"minecraft:oak_planks":1,"apocalypsenow:u_sarmy_chestplate":4,"minecraft:daylight_detector":2,"pfm:white_fridge":8,"apocalypsenow:dagger":2,"apocalypsenow:royal_canada_police_officer_boots":1,"immersiveengineering:seed":2,"farmersdelight:rice_bag":7,"apocalypsenow:safe":1,"quark:gray_shard":6,"apocalypsenow:construction_helmet":2},"minecraft:dropped":{"sophisticatedbackpacks:stack_upgrade_tier_2":1,"minecraft:wheat_seeds":2,"minecraft:torch":7,"artifacts:crystal_heart":1,"nameless_trinkets:super_magnet":1,"apocalypsenow:safe":1,"sophisticatedbackpacks:backpack":2},"minecraft:crafted":{"minecraft:oak_planks":4,"immersiveengineering:hemp_fabric":6,"cold_sweat:fur":6,"apocalypsenow:u_sarmy_chestplate":2,"sophisticatedbackpacks:stack_upgrade_tier_1":1,"create:iron_sheet":4,"minecraft:rabbit_hide":15,"minecraft:slime_ball":6,"minecraft:chest":3,"apocalypsenow:u_sarmy_boots":1,"minecraft:scute":3,"sophisticatedbackpacks:backpack":3,"minecraft:cauldron":1,"cold_sweat:hoglin_hide":6,"sophisticatedbackpacks:upgrade_base":1,"immersiveengineering:ersatz_leather":14,"minecraft:air":601,"appletreesrev:apple_planks":4,"minecraft:iron_ingot":22,"minecraft:leather_chestplate":3,"apocalypsenow:money":36},"minecraft:mined":{"createdeco:andesite_door":11,"farmersdelight:rice_bag":1,"embellishcraft:sturdy_steel_door":5,"apocalypsenow:rain_collector":1,"apocalypsenow:safe":1,"embellishcraft:spruce_wooden_crate":2,"minecraft:gray_stained_glass_pane":4,"minecraft:grass_block":3,"minecraft:spawner":37,"minecraft:smooth_stone":1,"minecraft:black_stained_glass_pane":2,"pfm:dark_wood_modern_stool":1,"pfm:white_fridge":2,"minecraft:bell":1,"minecraft:water_cauldron":1,"immersiveengineering:metal_barrel":8,"minecraft:torch":5,"farmersdelight:cabbage_crate":1,"minecraft:gray_stained_glass":2,"farmersdelight:carrot_crate":1,"embellishcraft:gneiss_large_bricks_wall":1,"minecraft:oak_planks":1,"minecraft:wall_torch":5,"pfm:dark_wood_kitchen_drawer":1,"minecraft:wheat":2,"minecraft:grass":16,"embellishcraft:smooth_marble":4,"simplylight:edge_light_top":1,"pfm:dark_wood_kitchen_counter":1,"minecraft:stone_bricks":4,"minecraft:oak_leaves":1,"minecraft:daylight_detector":2},"minecraft:killed_by":{"minecraft:zombie":2},"minecraft:killed":{"hordes:zombie_player":1,"undead_revamp2:thesmoker":3,"minecraft:husk":3,"minecraft:zombie_villager":1,"minecraft:zombie":224}},"DataVersion":2975}