{"stats":{"minecraft:killed":{"hordes:zombie_player":1,"undead_revamp2:thesmoker":9,"undead_revamp2:bomber":1,"zombie_extreme:runner":2,"zombie_extreme:crawler":2,"minecraft:husk":28,"minecraft:zombie_villager":2,"minecraft:bat":2,"minecraft:zombie":518,"zombie_extreme:infected_police":3},"minecraft:crafted":{"minecraft:oak_planks":4,"immersiveengineering:hemp_fabric":6,"cold_sweat:fur":6,"apocalypsenow:u_sarmy_chestplate":3,"sophisticatedbackpacks:stack_upgrade_tier_3":1,"sophisticatedbackpacks:stack_upgrade_tier_1":1,"create:iron_sheet":4,"minecraft:diamond_block":5,"minecraft:rabbit_hide":15,"minecraft:slime_ball":6,"apocalypsenow:u_sarmy_helmet":2,"minecraft:chest":3,"apocalypsenow:u_sarmy_boots":2,"minecraft:scute":3,"sophisticatedbackpacks:backpack":3,"minecraft:cauldron":1,"cold_sweat:hoglin_hide":6,"immersiveengineering:cokebrick":8,"sophisticatedbackpacks:upgrade_base":1,"immersiveengineering:ersatz_leather":14,"minecraft:air":850,"appletreesrev:apple_planks":4,"minecraft:iron_ingot":22,"minecraft:leather_chestplate":3,"apocalypsenow:money":36},"minecraft:killed_by":{"minecraft:zombie":3},"minecraft:picked_up":{"biomesoplenty:smooth_white_sandstone":8,"sophisticatedbackpacks:gold_backpack":1,"minecraft:crafting_table":1,"minecraft:wheat":2,"apocalypsenow:letter_opener":2,"minecraft:leather_leggings":1,"minecraft:smithing_table":2,"apocalypsenow:blue_football_armor_helmet":1,"apocalypsenow:u_sarmy_helmet":6,"apocalypsenow:can_opener":2,"farmersdelight:cutting_board":4,"minecraft:string":572,"pfm:deepslate_kitchen_wall_counter":1,"simplylight:illuminant_orange_block_on":1,"minecraft:beetroot":1,"apocalypsenow:construction_boots":16,"simplylight:edge_light_top":1,"embellishcraft:sturdy_steel_door":17,"farmersdelight:potato_crate":4,"minecraft:jukebox":1,"createdeco:yellow_decal":5,"immersiveengineering:connector_hv":20,"embellishcraft:smooth_marble":28,"farmersdelight:cabbage_crate":4,"minecraft:torch":65,"create:andesite_casing":49,"sophisticatedbackpacks:backpack":2,"apocalypsenow:pipe_wrench":2,"sophisticatedbackpacks:stack_upgrade_tier_2":1,"pfm:dark_wood_modern_stool":1,"minecraft:carrot":12,"tac:b_magnum":27,"camera:album":2,"minecraft:cauldron":1,"apocalypsenow:fire_figther_leggings":1,"create:large_cogwheel":9,"apocalypsenow:porpsi":1,"simplylight:illuminant_magenta_block_on":1,"apocalypsenow:scissors":1,"minecraft:rotten_flesh":677,"minecraft:beetroot_seeds":3,"pfm:dark_wood_kitchen_drawer":1,"minecraft:gold_ingot":1,"simplylight:illuminant_lime_block_on":1,"apocalypsenow:u_sarmy_boots":6,"immersiveengineering:metal_barrel":40,"tac:round45":64,"apocalypsenow:club":1,"apocalypsenow:peach_juice":2,"apocalypsenow:anarchy_boots":1,"apocalypsenow:hunting_helmet":1,"pfm:dark_wood_kitchen_counter":1,"simplylight:illuminant_blue_block_on":1,"createdeco:andesite_door":10,"minecraft:potato":5,"apocalypsenow:cereal":4,"quark:blossom_button":3,"minecraft:chainmail_chestplate":1,"minecraft:ancient_debris":5,"minecraft:gunpowder":3,"apocalypsenow:construction_chestplate":10,"farmersdelight:carrot_crate":4,"minecraft:paper":25,"minecraft:dirt":3,"embellishcraft:gneiss_large_bricks_wall":1,"minecraft:leather_boots":1,"apocalypsenow:rain_collector":1,"apocalypsenow:u_sarmy_leggings":2,"immersiveengineering:cokebrick":32,"minecraft:bone":736,"minecraft:stonecutter":2,"apocalypsenow:construction_leggings":8,"minecraft:apple":2,"minecraft:stone_bricks":4,"minecraft:wheat_seeds":5,"apocalypsenow:human_flesh":4,"minecraft:bell":1,"embellishcraft:spruce_wooden_crate":2,"apocalypsenow:money":13,"minecraft:iron_ingot":3,"create:shaft":5,"immersiveengineering:storage_steel":3,"tac:9mm_round":127,"minecraft:oak_planks":1,"tac:ae50":38,"simplylight:illuminant_red_block_on":2,"minecraft:polished_andesite_stairs":1,"apocalypsenow:u_sarmy_chestplate":7,"quark:smooth_stone_vertical_slab":7,"minecraft:daylight_detector":3,"immersiveengineering:slab_cokebrick":16,"create:cogwheel":29,"minecraft:quartz":11,"simplylight:illuminant_purple_block_on":1,"apocalypsenow:anarchy_helmet":1,"embellishcraft:andesite_button":8,"pfm:white_fridge":25,"simplylight:illuminant_light_blue_block_on":1,"apocalypsenow:dagger":2,"create:gearbox":5,"apocalypsenow:royal_canada_police_officer_boots":1,"apocalypsenow:golf_stick":3,"immersiveengineering:seed":2,"minecraft:diamond":21,"minecraft:soul_lantern":1,"simplylight:illuminant_yellow_block_on":1,"create:encased_fan":14,"apocalypsenow:blue_football_armor_chestplate":1,"farmersdelight:rice_bag":11,"apocalypsenow:safe":1,"minecraft:spruce_button":4,"embellishcraft:air_duct":2,"quark:gray_shard":6,"apocalypsenow:scissorst":1,"apocalypsenow:construction_helmet":9},"minecraft:mined":{"createdeco:andesite_door":11,"farmersdelight:rice_bag":1,"embellishcraft:sturdy_steel_door":7,"apocalypsenow:rain_collector":1,"create:andesite_casing":23,"apocalypsenow:safe":1,"embellishcraft:spruce_wooden_crate":2,"minecraft:gray_stained_glass_pane":6,"simplylight:illuminant_purple_block_on":1,"minecraft:grass_block":3,"create:large_cogwheel":3,"create:encased_fan":5,"biomesoplenty:smooth_white_sandstone":8,"minecraft:spawner":71,"minecraft:smooth_stone":1,"minecraft:black_stained_glass_pane":3,"quark:blossom_button":2,"create:shaft":1,"pfm:dark_wood_modern_stool":1,"pfm:white_fridge":2,"minecraft:bell":1,"minecraft:water_cauldron":1,"simplylight:illuminant_blue_block_on":1,"create:cogwheel":9,"pfm:white_freezer":1,"pfm:deepslate_kitchen_wall_counter":1,"simplylight:illuminant_red_block_on":2,"quark:smooth_stone_vertical_slab":6,"immersiveengineering:slab_cokebrick":8,"immersiveengineering:metal_barrel":20,"minecraft:torch":8,"farmersdelight:cabbage_crate":1,"minecraft:gray_stained_glass":2,"minecraft:nether_quartz_ore":8,"farmersdelight:carrot_crate":1,"embellishcraft:gneiss_large_bricks_wall":1,"minecraft:tall_grass":1,"minecraft:oak_planks":1,"pfm:dark_wood_kitchen_drawer":1,"simplylight:illuminant_orange_block_on":1,"simplylight:illuminant_light_blue_block_on":1,"minecraft:wall_torch":6,"immersiveengineering:storage_steel":3,"simplylight:illuminant_lime_block_on":1,"immersiveengineering:cokebrick":8,"create:gearbox":1,"minecraft:wheat":2,"minecraft:jukebox":1,"minecraft:grass":23,"embellishcraft:smooth_marble":22,"simplylight:edge_light_top":1,"pfm:dark_wood_kitchen_counter":1,"minecraft:cobweb":5,"simplylight:illuminant_magenta_block_on":1,"minecraft:stonecutter":1,"minecraft:stone_bricks":4,"minecraft:oak_leaves":1,"minecraft:daylight_detector":3,"simplylight:illuminant_yellow_block_on":1},"minecraft:dropped":{"minecraft:wheat_seeds":2,"sophisticatedbackpacks:stack_upgrade_tier_2":1,"minecraft:torch":7,"biomesoplenty:smooth_white_sandstone":1,"artifacts:crystal_heart":1,"nameless_trinkets:super_magnet":1,"apocalypsenow:safe":1,"sophisticatedbackpacks:backpack":3},"minecraft:broken":{"apocalypsenow:u_sarmy_boots":1,"minecraft:iron_pickaxe":1,"apocalypsenow:electric_baton":1},"minecraft:used":{"minecraft:beetroot":1,"farmersdelight:vegetable_noodles":2,"immersiveengineering:seed":1,"apocalypsenow:chips":3,"farmersdelight:melon_juice":1,"minecraft:torch":146,"farmersdelight:roasted_mutton_chops":1,"apocalypsenow:u_sarmy_chestplate":1,"minecraft:dirt":2,"apocalypsenow:grape_juice":12,"farmersdelight:fish_stew":1,"immersiveengineering:cokebrick":27,"apocalypsenow:orange_juice":1,"apocalypsenow:police_leggings":2,"apocalypsenow:coffee":1,"biomesoplenty:smooth_white_sandstone":2,"minecraft:stone_bricks":2,"apocalypsenow:porpsi":1,"minecraft:furnace":1,"minecraft:beetroot_seeds":3,"apocalypsenow:royal_canada_police_officer_boots":1,"farmersdelight:tomato_seeds":1,"sophisticatedbackpacks:gold_backpack":1,"minecraft:wheat_seeds":3,"apocalypsenow:vodka":1,"apocalypsenow:police_chestplate":1,"apocalypsenow:energy_drink":1,"apocalypsenow:electric_baton":1026,"pfm:white_fridge":2,"minecraft:oak_planks":1,"minecraft:cauldron":1,"minecraft:golden_apple":1,"minecraft:crafting_table":3,"apocalypsenow:coke":1,"apocalypsenow:police_helmet":1,"easy_villagers:villager":1,"immersiveengineering:hammer":1,"minecraft:apple":1,"farmersdelight:apple_cider":3,"apocalypsenow:iron_baseball_bat":510,"minecraft:iron_pickaxe":259,"apocalypsenow:dagger":24,"apocalypsenow:peach_juice":3,"apocalypsenow:u_sarmy_helmet":1},"minecraft:custom":{"lootr:looted_stat":82,"minecraft:mob_kills":613,"minecraft:interact_with_crafting_table":25,"minecraft:bell_ring":1,"minecraft:damage_dealt_resisted":1187,"minecraft:leave_game":3,"minecraft:time_since_death":105798,"minecraft:climb_one_cm":12214,"minecraft:sprint_one_cm":211467,"minecraft:walk_one_cm":980993,"minecraft:fridge_opened":116,"minecraft:drop":11,"minecraft:chair_used":1,"minecraft:damage_dealt_absorbed":233,"minecraft:talked_to_villager":15,"minecraft:play_time":276358,"minecraft:deaths":8,"minecraft:sneak_time":2928,"minecraft:jump":922,"minecraft:drawer_searched":92,"minecraft:walk_on_water_one_cm":201,"minecraft:total_world_time":276358,"minecraft:interact_with_furnace":2,"minecraft:traded_with_villager":59,"minecraft:stove_opened":3,"minecraft:trashcan_opened":1,"minecraft:time_since_rest":105835,"minecraft:damage_taken":4211,"minecraft:damage_dealt":54824,"minecraft:player_kills":4,"minecraft:freezer_opened":17,"minecraft:fly_one_cm":138338,"minecraft:open_chest":172,"minecraft:crouch_one_cm":10068,"minecraft:fall_one_cm":31504}},"DataVersion":2975}