{"stats":{"minecraft:crafted":{"minecraft:crafting_table":1,"minecraft:stone_axe":1,"minecraft:air":126,"quark:oak_chest":1,"minecraft:stone_pickaxe":1,"minecraft:stone_sword":1},"minecraft:custom":{"lootr:looted_stat":9,"minecraft:mob_kills":29,"minecraft:interact_with_crafting_table":7,"minecraft:bell_ring":5,"minecraft:leave_game":4,"minecraft:time_since_death":46997,"minecraft:sleep_in_bed":1,"minecraft:climb_one_cm":8658,"minecraft:time_since_rest":28991,"minecraft:sprint_one_cm":134344,"minecraft:damage_taken":214,"minecraft:walk_one_cm":117916,"minecraft:fridge_opened":5,"minecraft:drop":1,"minecraft:damage_dealt":2386,"minecraft:swim_one_cm":1105,"minecraft:talked_to_villager":1,"minecraft:fly_one_cm":222785,"minecraft:freezer_opened":2,"minecraft:open_chest":24,"minecraft:crouch_one_cm":1167,"minecraft:play_time":46997,"minecraft:sneak_time":1107,"minecraft:walk_under_water_one_cm":448,"minecraft:jump":358,"minecraft:walk_on_water_one_cm":532,"minecraft:total_world_time":46997,"minecraft:fall_one_cm":5133},"minecraft:mined":{"farmersdelight:cooking_pot":1,"minecraft:oak_sapling":1,"minecraft:mossy_cobblestone":1,"minecraft:crafting_table":3,"minecraft:torch":4,"minecraft:grass_block":2,"quark:framed_glass_pane":1,"minecraft:tall_grass":1,"minecraft:cobblestone":2,"minecraft:oak_planks":5,"minecraft:iron_door":2,"minecraft:wall_torch":1,"minecraft:spawner":2,"farmersdelight:skillet":1,"farmersdelight:cutting_board":1,"pfm:white_fridge":1,"minecraft:grass":2,"embellishcraft:smooth_marble":4,"minecraft:oak_log":3,"minecraft:dirt":3,"farmersdelight:stove":1,"minecraft:stone":9,"minecraft:oak_leaves":3},"minecraft:picked_up":{"tac:round45":2,"minecraft:crafting_table":3,"minecraft:iron_door":2,"minecraft:potato":1,"biomesoplenty:fir_sapling":1,"minecraft:oak_log":30,"farmersdelight:cutting_board":1,"minecraft:string":20,"minecraft:dirt":5,"minecraft:bone":18,"minecraft:apple":1,"farmersdelight:cooking_pot":1,"minecraft:wheat_seeds":1,"minecraft:iron_ingot":2,"tac:9mm_round":2,"minecraft:oak_planks":5,"minecraft:egg":1,"minecraft:stick":5,"embellishcraft:smooth_marble":2,"minecraft:torch":6,"minecraft:bowl":1,"pfm:white_fridge":1,"minecraft:carrot":1,"minecraft:mossy_cobblestone":1,"minecraft:rotten_flesh":23,"quark:framed_glass_pane":1,"alexsmobs:maggot":1,"minecraft:oak_sapling":13,"farmersdelight:stove":1,"minecraft:cobblestone":11},"minecraft:dropped":{"minecraft:leather_chestplate":1},"minecraft:killed":{"zombie_extreme:crawler":1,"minecraft:husk":9,"zombiemobs:zombie_fox":1,"minecraft:zombie":16,"zombiemobs:zombie_goat":1,"alexsmobs:fly":1},"minecraft:used":{"minecraft:stone_sword":6,"quark:framed_glass_pane":1,"pfm:white_fridge":1,"minecraft:stone_pickaxe":17,"minecraft:oak_planks":35,"minecraft:wooden_pickaxe":9,"minecraft:torch":11,"minecraft:dirt":5,"minecraft:crafting_table":4,"embellishcraft:smooth_marble":1,"minecraft:wooden_axe":7,"apocalypsenow:tatical_mace":50,"minecraft:bread":7,"carryon:entity_item":5,"minecraft:stone_axe":11,"minecraft:cobblestone":1,"minecraft:potion":9,"minecraft:oak_sapling":2,"quark:oak_chest":2,"minecraft:iron_leggings":1}},"DataVersion":2975}