{"stats":{"minecraft:crafted":{"minecraft:crafting_table":1,"minecraft:stone_axe":1,"minecraft:oak_trapdoor":2,"minecraft:air":126,"quark:oak_chest":1,"minecraft:stone_pickaxe":1,"minecraft:stone_sword":1},"minecraft:dropped":{"minecraft:leather_chestplate":1},"minecraft:killed_by":{"minecraft:husk":1},"minecraft:killed":{"zombie_extreme:crawler":2,"minecraft:husk":18,"undead_revamp2:thesmoker":1,"zombiemobs:zombie_fox":1,"minecraft:zombie":30,"zombiemobs:zombie_goat":1,"alexsmobs:fly":1,"zombie_extreme:runner":1},"minecraft:used":{"minecraft:oak_fence":9,"minecraft:oak_trapdoor":29,"minecraft:stone_sword":6,"pfm:white_fridge":2,"quark:framed_glass_pane":1,"minecraft:stone_pickaxe":33,"minecraft:oak_planks":64,"cfm:spruce_blinds":15,"appletreesrev:apple_sapling":3,"minecraft:wooden_pickaxe":10,"minecraft:blue_bed":1,"minecraft:torch":57,"createaddition:barbed_wire":82,"minecraft:dirt":161,"create:andesite_door":2,"minecraft:oak_slab":86,"minecraft:crafting_table":7,"embellishcraft:oak_plain_door":4,"pfm:oak_purple_simple_bed":1,"minecraft:oak_log":24,"embellishcraft:smooth_marble":1,"minecraft:wooden_axe":9,"apocalypsenow:tatical_mace":79,"minecraft:lava_bucket":7,"minecraft:oak_stairs":37,"minecraft:grass_block":100,"minecraft:bread":7,"carryon:entity_item":5,"minecraft:stone_brick_stairs":19,"minecraft:stone_axe":38,"appletreesrev:gapple_sapling":3,"minecraft:cobblestone":41,"minecraft:potion":9,"minecraft:furnace":10,"minecraft:oak_sapling":2,"minecraft:grindstone":1,"cfm:oak_upgraded_gate":2,"minecraft:glass_pane":5,"create:framed_glass_door":2,"quark:oak_chest":17,"minecraft:bone_meal":16,"zombie_extreme:wire":1,"minecraft:iron_leggings":1},"minecraft:custom":{"minecraft:interact_with_furnace":1,"lootr:looted_stat":9,"minecraft:mob_kills":57,"minecraft:interact_with_crafting_table":8,"minecraft:bell_ring":5,"minecraft:damage_dealt_resisted":104,"minecraft:leave_game":5,"minecraft:time_since_death":16954,"minecraft:sleep_in_bed":2,"minecraft:climb_one_cm":8658,"minecraft:time_since_rest":17006,"minecraft:sprint_one_cm":168296,"minecraft:damage_taken":452,"minecraft:walk_one_cm":335840,"minecraft:fridge_opened":10,"minecraft:drop":1,"minecraft:damage_dealt":3788,"minecraft:swim_one_cm":1105,"minecraft:talked_to_villager":1,"minecraft:fly_one_cm":433146,"minecraft:freezer_opened":2,"minecraft:open_chest":70,"minecraft:crouch_one_cm":8982,"minecraft:play_time":114154,"minecraft:deaths":1,"minecraft:sneak_time":4762,"minecraft:walk_under_water_one_cm":448,"minecraft:jump":461,"minecraft:walk_on_water_one_cm":532,"minecraft:total_world_time":114154,"minecraft:fall_one_cm":7496},"minecraft:picked_up":{"tac:round45":4,"minecraft:crafting_table":4,"farmersdelight:rice":10,"minecraft:iron_door":2,"minecraft:salmon":19,"minecraft:oak_stairs":9,"farmersdelight:tomato_sauce":10,"minecraft:potato":1,"biomesoplenty:fir_sapling":1,"minecraft:stone_brick_stairs":6,"minecraft:oak_log":31,"minecraft:oak_trapdoor":5,"farmersdelight:cod_roll":4,"farmersdelight:cutting_board":1,"minecraft:string":40,"minecraft:dirt":5,"minecraft:bone":40,"farmersdelight:salmon_roll":6,"minecraft:apple":21,"farmersdelight:cooking_pot":1,"farmersdelight:vegetable_soup":9,"apocalypsenow:human_flesh":2,"minecraft:wheat_seeds":1,"farmersdelight:cabbage":4,"minecraft:iron_ingot":2,"tac:9mm_round":2,"minecraft:oak_planks":5,"minecraft:furnace":4,"farmersdelight:kelp_roll_slice":6,"minecraft:egg":1,"minecraft:stick":5,"embellishcraft:smooth_marble":2,"minecraft:torch":12,"minecraft:bowl":1,"minecraft:oak_pressure_plate":1,"minecraft:dried_kelp":13,"pfm:white_fridge":2,"minecraft:carrot":2,"quark:oak_chest":8,"minecraft:mossy_cobblestone":1,"minecraft:rotten_flesh":67,"farmersdelight:onion":1,"quark:framed_glass_pane":1,"minecraft:golden_apple":10,"minecraft:bread":9,"alexsmobs:maggot":1,"minecraft:oak_sapling":13,"farmersdelight:stove":1,"minecraft:cobblestone":17},"minecraft:mined":{"farmersdelight:cooking_pot":1,"minecraft:oak_sapling":1,"minecraft:mossy_cobblestone":1,"quark:oak_chest":8,"minecraft:crafting_table":4,"minecraft:torch":4,"minecraft:grass_block":2,"quark:framed_glass_pane":1,"minecraft:tall_grass":1,"minecraft:cobblestone":8,"minecraft:oak_planks":5,"minecraft:iron_door":2,"minecraft:wall_torch":5,"minecraft:spawner":2,"farmersdelight:skillet":1,"minecraft:oak_trapdoor":5,"minecraft:furnace":4,"farmersdelight:cutting_board":1,"minecraft:stone_brick_stairs":6,"pfm:white_fridge":2,"minecraft:grass":2,"embellishcraft:smooth_marble":4,"minecraft:oak_log":4,"minecraft:oak_stairs":9,"minecraft:dirt":3,"farmersdelight:stove":1,"minecraft:stone":9,"minecraft:oak_leaves":3}},"DataVersion":2975}