{"stats":{"minecraft:killed":{"undead_revamp2:thesmoker":4,"zombiemobs:zombie_turtle":1,"minecraft:drowned":1,"zombiemobs:zombie_dolphin":2,"zombie_extreme:runner":2,"zombiemobs:zombie_squid":1,"minecraft:husk":61,"undead_revamp2:the_moonflower":3,"alexsmobs:cockroach":1,"minecraft:zombie":135},"minecraft:crafted":{"apocalypsenow:tatical_mace":1,"apocalypsenow:iron_baseball_bat":1,"minecraft:diamond_axe":2,"minecraft:bucket":1,"minecraft:air":771,"biomesoplenty:fir_planks":2,"minecraft:stick":4,"minecraft:iron_shovel":1},"minecraft:killed_by":{"minecraft:husk":3,"alexsmobs:skelewag":2,"minecraft:player":1,"undead_revamp2:the_moonflower":1,"zombie_extreme:runner":3,"zombie_extreme:infected_police":1,"minecraft:zombie":2,"zombiemobs:zombie_turtle":1,"undead_revamp2:thesmoker":1},"minecraft:picked_up":{"minecraft:seagrass":1,"quark:stone_vertical_slab":2,"minecraft:wheat":1,"minecraft:azure_bluet":3,"artifacts:night_vision_goggles":1,"minecraft:chicken":1,"apocalypsenow:spiked_iron_baseball_bat":1,"immersiveengineering:coal_coke":4,"quark:spruce_ladder":3,"minecraft:stone_brick_wall":1,"apocalypsenow:u_sarmy_helmet":2,"embellishcraft:white_steel_door":2,"minecraft:string":138,"minecraft:smooth_stone_slab":11,"cold_sweat:thermometer":2,"embellishcraft:smooth_basalt":3,"minecraft:smooth_stone":1,"minecraft:cobbled_deepslate":4,"apocalypsenow:construction_boots":2,"minecraft:poppy":1,"minecraft:iron_pickaxe":4,"minecraft:birch_sapling":13,"minecraft:stick":253,"embellishcraft:smooth_marble":53,"minecraft:torch":175,"sophisticatedbackpacks:backpack":1,"minecraft:porkchop":2,"minecraft:carrot":1,"immersiveengineering:concrete":52,"apocalypsenow:fire_figther_leggings":1,"quark:iron_button":3,"minecraft:quartz_block":5,"apocalypsenow:baseball_bat":1,"minecraft:rotten_flesh":165,"createaddition:barbed_wire":25,"cfm:gray_kitchen_counter":3,"minecraft:deepslate_bricks":67,"minecraft:iron_block":10,"apocalypsenow:bikers_helmet":1,"minecraft:cyan_terracotta":214,"firstaid:bandage":17,"minecraft:cobblestone":6,"minecraft:oxeye_daisy":1,"minecraft:birch_log":69,"apocalypsenow:u_sarmy_boots":2,"tac:round45":9,"minecraft:magma_block":7,"minecraft:iron_door":3,"minecraft:potato":1,"apocalypsenow:life_jacket_bullet_helmet_chestplate":1,"biomesoplenty:fir_sapling":180,"biomesoplenty:fir_log":683,"minecraft:oak_log":551,"immersivepetroleum:asphalt":69,"embellishcraft:polished_marble_slab":3,"apocalypsenow:construction_chestplate":3,"minecraft:dirt":27,"apocalypsenow:u_sarmy_leggings":1,"immersiveengineering:cokebrick":1,"minecraft:bone":152,"apocalypsenow:construction_leggings":1,"minecraft:apple":32,"minecraft:kelp":14,"apocalypsenow:human_flesh":4,"minecraft:wheat_seeds":48,"minecraft:deepslate_brick_slab":1,"minecraft:iron_ingot":2,"apocalypsenow:money":2,"tac:9mm_round":14,"minecraft:oak_planks":2,"tac:ae50":1,"quark:light_gray_shard":29,"firstaid:plaster":4,"minecraft:oak_slab":1,"apocalypsenow:u_sarmy_chestplate":3,"embellishcraft:smooth_basalt_slab":1,"minecraft:dandelion":21,"quark:stone_brick_vertical_slab":1,"minecraft:leather_helmet":1,"quark:cobblestone_bricks":45,"minecraft:polished_andesite":4,"nameless_trinkets:super_magnet":1,"immersiveengineering:seed":48,"embellishcraft:smooth_marble_wall":1,"artifacts:crystal_heart":1,"apocalypsenow:black_bikers_helmet":1,"quark:framed_glass_pane":196,"minecraft:diamond_axe":1,"minecraft:bone_meal":1,"create:framed_glass_door":1,"apocalypsenow:construction_helmet":1,"quark:gray_shard":34,"minecraft:oak_sapling":236,"minecraft:netherrack":100,"minecraft:diamond_pickaxe":1},"minecraft:mined":{"minecraft:farmland":2,"minecraft:oak_sapling":65,"embellishcraft:white_steel_door":2,"minecraft:gray_stained_glass_pane":2,"minecraft:grass_block":20,"minecraft:stone_brick_wall":1,"embellishcraft:smooth_basalt_slab":1,"quark:stone_brick_vertical_slab":1,"immersiveengineering:coke_oven":1,"minecraft:deepslate_bricks":54,"minecraft:spruce_leaves":2,"minecraft:oxeye_daisy":1,"minecraft:spawner":7,"embellishcraft:smooth_basalt":3,"minecraft:smooth_stone":1,"minecraft:tall_seagrass":1,"minecraft:magma_block":7,"immersivepetroleum:asphalt":64,"minecraft:cobbled_deepslate":5,"minecraft:azure_bluet":5,"minecraft:gold_block":4,"minecraft:lantern":1,"minecraft:stone":1,"minecraft:iron_block":2,"minecraft:oak_slab":2,"minecraft:quartz_block":4,"minecraft:cyan_terracotta":256,"minecraft:kelp_plant":1,"minecraft:dandelion":30,"embellishcraft:polished_marble_slab":2,"minecraft:cornflower":1,"minecraft:torch":17,"quark:cobblestone_bricks":1,"minecraft:cyan_stained_glass_pane":2,"minecraft:gray_stained_glass":7,"minecraft:poppy":2,"quark:framed_glass_pane":133,"create:framed_glass":13,"minecraft:tall_grass":10,"minecraft:oak_planks":6,"minecraft:iron_door":6,"createaddition:barbed_wire":5,"minecraft:wall_torch":20,"immersiveengineering:concrete":53,"minecraft:birch_sapling":3,"minecraft:seagrass":1,"minecraft:light_gray_stained_glass":14,"quark:spruce_ladder":2,"quark:gunpowder_sack":4,"biomesoplenty:fir_log":2,"minecraft:smooth_stone_slab":19,"minecraft:grass":451,"embellishcraft:smooth_marble":51,"cfm:gray_kitchen_counter":3,"minecraft:oak_log":3,"quark:stone_vertical_slab":1,"minecraft:dirt":15,"minecraft:cobweb":2,"biomesoplenty:fir_sapling":9,"cfm:cyan_kitchen_counter":1,"minecraft:netherrack":100,"minecraft:oak_leaves":54,"minecraft:emerald_block":3,"minecraft:fern":1},"minecraft:dropped":{"minecraft:wheat_seeds":2,"minecraft:oak_log":403,"cgm:grenade":2,"quark:iron_button":2,"createaddition:barbed_wire":35,"minecraft:apple":1,"embellishcraft:white_steel_door":2,"minecraft:leather_helmet":1,"minecraft:polished_andesite":4,"minecraft:stick":4,"artifacts:night_vision_goggles":1,"minecraft:oxeye_daisy":1,"minecraft:iron_block":9,"minecraft:dirt":11,"firstaid:bandage":1,"farmersdelight:melon_popsicle":6,"minecraft:torch":67,"minecraft:seagrass":1,"minecraft:bone_meal":1,"minecraft:stonecutter":1,"minecraft:iron_pickaxe":1,"minecraft:string":6,"ftbquests:book":1,"minecraft:birch_log":69,"cold_sweat:thermometer":1,"minecraft:dandelion":10,"minecraft:kelp":14,"minecraft:cobbled_deepslate":4,"quark:framed_glass_pane":155,"apocalypsenow:small_can":5,"embellishcraft:smooth_marble":2,"minecraft:rotten_flesh":6,"apocalypsenow:bloodybandages":2,"minecraft:azure_bluet":2,"apocalypsenow:baseball_bat":1,"minecraft:deepslate_bricks":10,"quark:gunpowder_sack":1,"minecraft:stone_brick_wall":1,"minecraft:oak_sapling":40,"minecraft:magma_block":7,"minecraft:netherrack":36,"pfm:white_fridge":23},"minecraft:broken":{"apocalypsenow:blue_football_armor_helmet":1,"apocalypsenow:spiked_iron_baseball_bat":1,"apocalypsenow:construction_chestplate":1,"apocalypsenow:construction_helmet":1},"minecraft:used":{"apocalypsenow:chips":18,"farmersdelight:melon_juice":21,"minecraft:torch":121,"farmersdelight:roasted_mutton_chops":1,"minecraft:dirt":133,"apocalypsenow:grape_juice":3,"immersiveengineering:cokebrick":1,"apocalypsenow:orange_juice":3,"immersivepetroleum:asphalt":68,"embellishcraft:smooth_marble":36,"minecraft:cyan_terracotta":153,"biomesoplenty:fir_sapling":8,"carryon:entity_item":2,"farmersdelight:melon_popsicle":16,"farmersdelight:bacon_sandwich":1,"immersiveengineering:concrete":45,"apocalypsenow:porpsi":17,"minecraft:oak_sapling":102,"apocalypsenow:combat_knife":177,"minecraft:cobbled_deepslate":1,"farmersdelight:beef_stew":1,"minecraft:water_bucket":11,"quark:framed_glass_pane":41,"quark:cobblestone_bricks":20,"minecraft:oak_planks":1,"minecraft:diamond_axe":239,"minecraft:deepslate_bricks":190,"minecraft:golden_apple":5,"createaddition:barbed_wire":5,"farmersdelight:chicken_sandwich":3,"minecraft:crafting_table":1,"minecraft:oak_slab":1,"apocalypsenow:spiked_iron_baseball_bat":625,"apocalypsenow:tatical_mace":929,"easy_villagers:villager":3,"immersiveengineering:hammer":9,"minecraft:diamond_pickaxe":822,"minecraft:apple":2,"apocalypsenow:iron_baseball_bat":107,"cgm:grenade":1,"chalk:red_chalk":2,"minecraft:potion":9,"apocalypsenow:peach_juice":11,"minecraft:bucket":12,"apocalypsenow:cereal":20,"minecraft:bone_meal":497},"minecraft:custom":{"lootr:looted_stat":41,"minecraft:mob_kills":221,"minecraft:interact_with_anvil":3,"minecraft:interact_with_crafting_table":6,"minecraft:damage_dealt_resisted":4381,"minecraft:leave_game":2,"minecraft:time_since_death":3365,"minecraft:climb_one_cm":35675,"minecraft:sprint_one_cm":884183,"minecraft:walk_one_cm":1379824,"minecraft:fridge_opened":258,"minecraft:drop":84,"minecraft:damage_dealt_absorbed":41,"minecraft:talked_to_villager":6,"minecraft:play_time":419829,"minecraft:deaths":17,"minecraft:sneak_time":40999,"minecraft:walk_under_water_one_cm":77825,"minecraft:jump":3823,"minecraft:interact_with_brewingstand":3,"minecraft:walk_on_water_one_cm":75604,"minecraft:total_world_time":419829,"minecraft:interact_with_furnace":1,"minecraft:trashcan_opened":2,"minecraft:interact_with_stonecutter":3,"minecraft:sleep_in_bed":1,"minecraft:time_since_rest":3476,"minecraft:damage_taken":11887,"minecraft:damage_dealt":80828,"minecraft:player_kills":1,"minecraft:swim_one_cm":162114,"minecraft:freezer_opened":3,"minecraft:fly_one_cm":979707,"minecraft:open_chest":868,"minecraft:crouch_one_cm":144732,"minecraft:fall_one_cm":90028}},"DataVersion":2975}