{"stats":{"minecraft:killed":{"undead_revamp2:thesmoker":13,"zombiemobs:zombie_donkey":1,"minecraft:zombie_villager":2,"minecraft:zombie":558,"zombie_extreme:infected_police":3,"alexsmobs:fly":1,"hordes:zombie_player":1,"undead_revamp2:bomber":1,"alexsmobs:bison":1,"zombie_extreme:runner":4,"zombiemobs:zombie_bear":1,"zombie_extreme:crawler":3,"minecraft:husk":33,"minecraft:bat":2},"minecraft:crafted":{"minecraft:grindstone":1,"minecraft:oak_planks":8,"immersiveengineering:hemp_fabric":12,"minecraft:stone":8,"immersiveengineering:stick_steel":12,"justhammers:diamond_hammer":2,"apocalypsenow:u_sarmy_helmet":2,"minecraft:chest":6,"easy_villagers:trader":2,"immersiveengineering:ingot_aluminum":12,"minecraft:scute":5,"sophisticatedbackpacks:backpack":3,"minecraft:cauldron":1,"minecraft:diamond_axe":1,"apocalypsenow:u_sarmy_leggings":1,"immersiveengineering:cokebrick":8,"sophisticatedbackpacks:upgrade_base":1,"tac:10_gauge_round":96,"immersiveengineering:ersatz_leather":17,"minecraft:diamond_pickaxe":1,"appletreesrev:apple_planks":4,"minecraft:stick":8,"minecraft:stone_slab":6,"minecraft:leather_chestplate":6,"minecraft:iron_ingot":31,"cold_sweat:fur":12,"apocalypsenow:u_sarmy_chestplate":3,"sophisticatedbackpacks:stack_upgrade_tier_3":1,"sophisticatedbackpacks:stack_upgrade_tier_1":1,"minecraft:furnace":1,"create:iron_sheet":4,"minecraft:diamond_block":5,"minecraft:rabbit_hide":31,"minecraft:slime_ball":12,"apocalypsenow:spear":1,"apocalypsenow:u_sarmy_boots":2,"tac:round45":96,"easy_villagers:farmer":1,"apocalypsenow:premium_hammer":2,"cold_sweat:hoglin_hide":12,"minecraft:bucket":1,"minecraft:dragon_breath":9,"tac:9mm_round":16,"minecraft:air":1888,"cold_sweat:thermometer":3,"minecraft:gunpowder":30,"apocalypsenow:money":176,"minecraft:soul_sand":8},"minecraft:killed_by":{"minecraft:zombie":4},"minecraft:picked_up":{"minecraft:wheat":10,"minecraft:smithing_table":2,"apocalypsenow:can_opener":2,"farmersdelight:cutting_board":4,"minecraft:polished_deepslate":5,"minecraft:string":722,"simplylight:illuminant_orange_block_on":1,"minecraft:beetroot":1,"minecraft:cobbled_deepslate":4408,"minecraft:stick":168,"farmersdelight:potato_crate":4,"immersiveengineering:connector_hv":20,"minecraft:jukebox":1,"embellishcraft:smooth_marble":28,"minecraft:torch":93,"create:andesite_casing":49,"sophisticatedbackpacks:stack_upgrade_tier_2":1,"apocalypsenow:iron_baseball_bat":1,"camera:album":2,"minecraft:cauldron":1,"apocalypsenow:fire_figther_leggings":1,"create:large_cogwheel":9,"simplylight:illuminant_magenta_block_on":1,"apocalypsenow:porpsi":1,"apocalypsenow:scissors":1,"minecraft:rotten_flesh":822,"createaddition:barbed_wire":1,"pfm:dark_wood_kitchen_drawer":1,"simplylight:illuminant_lime_block_on":1,"minecraft:cobblestone":62,"minecraft:birch_log":69,"apocalypsenow:u_sarmy_boots":6,"tac:round45":80,"apocalypsenow:club":1,"apocalypsenow:anarchy_boots":1,"apocalypsenow:peach_juice":2,"apocalypsenow:hunting_helmet":1,"createdeco:andesite_door":10,"minecraft:potato":5,"biomesoplenty:fir_log":39,"apocalypsenow:cereal":4,"quark:blossom_button":3,"minecraft:tuff":361,"apocalypsenow:construction_chestplate":10,"farmersdelight:carrot_crate":4,"minecraft:lapis_lazuli":70,"farmersdelight:tomato":1,"minecraft:dirt":42,"minecraft:leather_boots":1,"minecraft:bone":926,"minecraft:stonecutter":2,"apocalypsenow:human_flesh":5,"minecraft:wheat_seeds":32,"minecraft:cobbled_deepslate_slab":3,"minecraft:deepslate_brick_slab":2,"minecraft:raw_gold":65,"minecraft:bell":1,"ftbquests:book":1,"create:shaft":5,"tac:9mm_round":159,"minecraft:oak_planks":73,"apocalypsenow:u_sarmy_chestplate":7,"quark:smooth_stone_vertical_slab":7,"immersiveengineering:slab_cokebrick":16,"create:cogwheel":29,"apocalypsenow:small_can":3,"simplylight:illuminant_purple_block_on":1,"apocalypsenow:black_motorcycle_helmet_helmet":1,"apocalypsenow:dagger":2,"apocalypsenow:royal_canada_police_officer_boots":1,"apocalypsenow:golf_stick":3,"minecraft:diamond":48,"minecraft:soul_lantern":1,"simplylight:illuminant_yellow_block_on":1,"apocalypsenow:blue_football_armor_chestplate":1,"farmersdelight:rice_bag":11,"minecraft:spruce_button":4,"alexsmobs:maggot":7,"apocalypsenow:scissorst":1,"minecraft:oak_sapling":137,"apocalypsenow:construction_helmet":9,"biomesoplenty:smooth_white_sandstone":8,"sophisticatedbackpacks:gold_backpack":1,"minecraft:crafting_table":1,"apocalypsenow:letter_opener":2,"minecraft:azure_bluet":1,"minecraft:leather_leggings":2,"apocalypsenow:blue_football_armor_helmet":1,"apocalypsenow:u_sarmy_helmet":6,"minecraft:cornflower":1,"pfm:deepslate_kitchen_wall_counter":1,"minecraft:iron_shovel":1,"cold_sweat:thermometer":1,"apocalypsenow:construction_boots":16,"simplylight:edge_light_top":1,"embellishcraft:sturdy_steel_door":17,"minecraft:poppy":2,"minecraft:raw_iron":179,"createdeco:yellow_decal":5,"farmersdelight:cabbage_crate":4,"sophisticatedbackpacks:backpack":2,"apocalypsenow:pipe_wrench":2,"minecraft:carrot":12,"pfm:dark_wood_modern_stool":1,"minecraft:redstone":225,"tac:b_magnum":34,"minecraft:beetroot_seeds":6,"minecraft:deepslate_bricks":29,"minecraft:gold_ingot":1,"minecraft:white_wool":1,"immersiveengineering:metal_barrel":40,"pfm:dark_wood_kitchen_counter":1,"simplylight:illuminant_blue_block_on":1,"minecraft:oak_log":303,"minecraft:chainmail_chestplate":1,"minecraft:ancient_debris":5,"minecraft:gunpowder":7,"minecraft:paper":25,"embellishcraft:gneiss_large_bricks_wall":1,"apocalypsenow:rain_collector":1,"farmersdelight:honey_glazed_ham_block":1,"apocalypsenow:u_sarmy_leggings":2,"immersiveengineering:cokebrick":32,"apocalypsenow:construction_leggings":8,"minecraft:apple":15,"minecraft:stone_bricks":4,"minecraft:iron_ingot":3,"embellishcraft:spruce_wooden_crate":2,"apocalypsenow:money":31,"immersiveengineering:storage_steel":3,"tac:ae50":55,"simplylight:illuminant_red_block_on":2,"minecraft:polished_andesite_stairs":1,"minecraft:daylight_detector":3,"apocalypsenow:anarchy_helmet":1,"minecraft:quartz":11,"minecraft:dandelion":7,"embellishcraft:andesite_button":8,"minecraft:raw_iron_block":6,"minecraft:gravel":3,"pfm:white_fridge":25,"simplylight:illuminant_light_blue_block_on":1,"create:gearbox":5,"immersiveengineering:seed":10,"create:encased_fan":14,"minecraft:scute":2,"apocalypsenow:safe":1,"embellishcraft:air_duct":2,"quark:gray_shard":6,"minecraft:coal":1},"minecraft:mined":{"embellishcraft:sturdy_steel_door":7,"farmersdelight:rice_bag":1,"minecraft:oak_sapling":7,"apocalypsenow:rain_collector":1,"create:andesite_casing":23,"apocalypsenow:safe":1,"embellishcraft:spruce_wooden_crate":2,"simplylight:illuminant_purple_block_on":1,"minecraft:grass_block":16,"biomesoplenty:smooth_white_sandstone":8,"minecraft:spawner":71,"minecraft:smooth_stone":1,"minecraft:raw_iron_block":6,"quark:blossom_button":2,"minecraft:cobbled_deepslate":1,"pfm:dark_wood_modern_stool":1,"minecraft:deepslate_lapis_ore":7,"pfm:white_fridge":2,"minecraft:water_cauldron":1,"simplylight:illuminant_blue_block_on":1,"minecraft:deepslate_redstone_ore":37,"create:cogwheel":9,"immersiveengineering:slab_cokebrick":8,"immersiveengineering:metal_barrel":20,"minecraft:torch":13,"farmersdelight:cabbage_crate":1,"minecraft:poppy":1,"minecraft:nether_quartz_ore":8,"minecraft:cobblestone":31,"minecraft:oak_planks":1,"simplylight:illuminant_orange_block_on":1,"simplylight:illuminant_light_blue_block_on":1,"minecraft:wall_torch":9,"pfm:dark_wood_kitchen_drawer":1,"immersiveengineering:storage_steel":3,"simplylight:illuminant_lime_block_on":1,"immersiveengineering:cokebrick":8,"minecraft:wheat":4,"minecraft:jukebox":1,"minecraft:grass":40,"minecraft:oak_log":19,"simplylight:edge_light_top":1,"pfm:dark_wood_kitchen_counter":1,"minecraft:dirt":5,"simplylight:illuminant_magenta_block_on":1,"minecraft:stonecutter":1,"minecraft:oak_leaves":2,"minecraft:deepslate":28,"minecraft:daylight_detector":3,"createdeco:andesite_door":11,"farmersdelight:honey_glazed_ham_block":1,"minecraft:tuff":9,"minecraft:deepslate_diamond_ore":23,"minecraft:gray_stained_glass_pane":6,"minecraft:glow_lichen":2,"create:large_cogwheel":3,"create:encased_fan":5,"minecraft:black_stained_glass_pane":3,"create:shaft":1,"minecraft:bell":1,"minecraft:polished_deepslate":12,"minecraft:deepslate_iron_ore":118,"pfm:white_freezer":1,"pfm:deepslate_kitchen_wall_counter":1,"simplylight:illuminant_red_block_on":2,"quark:smooth_stone_vertical_slab":6,"minecraft:dandelion":3,"minecraft:cornflower":1,"minecraft:gray_stained_glass":2,"farmersdelight:carrot_crate":1,"embellishcraft:gneiss_large_bricks_wall":1,"minecraft:tall_grass":1,"minecraft:deepslate_gold_ore":43,"create:gearbox":1,"embellishcraft:smooth_marble":22,"minecraft:gravel":3,"minecraft:cobweb":5,"minecraft:stone_bricks":4,"simplylight:illuminant_yellow_block_on":1},"minecraft:dropped":{"sophisticatedbackpacks:stack_upgrade_tier_2":1,"minecraft:scute":2,"biomesoplenty:smooth_white_sandstone":1,"nameless_trinkets:super_magnet":2,"apocalypsenow:safe":1,"minecraft:wheat":2,"minecraft:beetroot_seeds":3,"pfm:white_fridge":22,"minecraft:wheat_seeds":9,"minecraft:lava_bucket":1,"minecraft:torch":7,"artifacts:crystal_heart":2,"cold_sweat:thermometer":3,"apocalypsenow:u_sarmy_chestplate":1,"sophisticatedbackpacks:backpack":4,"apocalypsenow:iron_baseball_bat":1,"minecraft:diamond_pickaxe":1},"minecraft:broken":{"apocalypsenow:u_sarmy_boots":1,"apocalypsenow:electric_baton":1,"justhammers:diamond_hammer":1,"minecraft:iron_pickaxe":1},"minecraft:used":{"minecraft:beetroot":1,"minecraft:polished_deepslate":12,"immersiveengineering:seed":1,"minecraft:chest":7,"apocalypsenow:spear":8,"apocalypsenow:chips":3,"farmersdelight:melon_juice":1,"farmersdelight:roasted_mutton_chops":2,"farmersdelight:fish_stew":1,"immersiveengineering:cokebrick":27,"apocalypsenow:coffee":2,"farmersdelight:fried_rice":2,"farmersdelight:melon_popsicle":2,"farmersdelight:rotten_tomato":1,"minecraft:stone_bricks":2,"minecraft:furnace":2,"minecraft:oak_sapling":12,"minecraft:beetroot_seeds":3,"apocalypsenow:royal_canada_police_officer_boots":1,"apocalypsenow:police_chestplate":1,"apocalypsenow:energy_drink":1,"embellishcraft:andesite_button":1,"apocalypsenow:electric_baton":1026,"pfm:white_fridge":2,"minecraft:oak_planks":7,"simplylight:edge_light_top":1,"minecraft:diamond_axe":64,"minecraft:golden_apple":1,"apocalypsenow:whisky":4,"minecraft:pumpkin_seeds":2,"apocalypsenow:coke":11,"easy_villagers:villager":1,"immersiveengineering:hammer":1,"apocalypsenow:iron_baseball_bat":752,"apocalypsenow:dagger":24,"minecraft:bone_meal":227,"farmersdelight:vegetable_noodles":3,"minecraft:torch":205,"apocalypsenow:u_sarmy_chestplate":1,"minecraft:dirt":6,"minecraft:anvil":2,"apocalypsenow:grape_juice":12,"apocalypsenow:orange_juice":1,"apocalypsenow:police_leggings":2,"easy_villagers:trader":3,"biomesoplenty:smooth_white_sandstone":2,"apocalypsenow:porpsi":1,"farmersdelight:tomato_seeds":1,"minecraft:cobbled_deepslate":63,"sophisticatedbackpacks:gold_backpack":1,"minecraft:wheat_seeds":3,"minecraft:water_bucket":2,"apocalypsenow:vodka":1,"farmersdelight:honey_glazed_ham_block":1,"easy_villagers:farmer":1,"minecraft:cauldron":1,"minecraft:deepslate_bricks":1,"minecraft:crafting_table":3,"justhammers:diamond_hammer":1152,"apocalypsenow:police_helmet":1,"minecraft:diamond_pickaxe":321,"farmersdelight:apple_cider":3,"minecraft:apple":1,"minecraft:iron_pickaxe":259,"apocalypsenow:peach_juice":3,"minecraft:bucket":3,"farmersdelight:fruit_salad":1,"minecraft:dandelion":3,"apocalypsenow:u_sarmy_helmet":1},"minecraft:custom":{"lootr:looted_stat":83,"minecraft:interact_with_crafting_table":32,"minecraft:bell_ring":1,"minecraft:leave_game":10,"minecraft:time_since_death":201312,"minecraft:sprint_one_cm":466360,"minecraft:drop":29,"minecraft:talked_to_villager":25,"minecraft:play_time":490014,"minecraft:deaths":10,"minecraft:jump":2052,"minecraft:interact_with_brewingstand":1,"minecraft:walk_on_water_one_cm":12063,"minecraft:interact_with_furnace":4,"minecraft:traded_with_villager":214,"minecraft:interact_with_cartography_table":1,"minecraft:stove_opened":3,"minecraft:sleep_in_bed":1,"minecraft:damage_dealt":70875,"minecraft:player_kills":5,"minecraft:crouch_one_cm":35078,"minecraft:mob_kills":681,"minecraft:interact_with_anvil":4,"minecraft:damage_dealt_resisted":1219,"minecraft:climb_one_cm":12532,"minecraft:walk_one_cm":1654308,"minecraft:fridge_opened":307,"minecraft:chair_used":1,"minecraft:damage_dealt_absorbed":233,"minecraft:sneak_time":10108,"minecraft:walk_under_water_one_cm":9950,"minecraft:drawer_searched":92,"minecraft:total_world_time":490014,"minecraft:trashcan_opened":1,"minecraft:time_since_rest":177567,"minecraft:damage_taken":6995,"minecraft:swim_one_cm":9900,"minecraft:fly_one_cm":330349,"minecraft:freezer_opened":18,"minecraft:open_chest":515,"minecraft:fall_one_cm":55987}},"DataVersion":2975}