{"stats":{"minecraft:killed":{"minecraft:husk":10,"undead_revamp2:the_moonflower":1,"minecraft:zombie":27,"minecraft:drowned":1,"zombie_extreme:runner":2},"minecraft:crafted":{"apocalypsenow:iron_baseball_bat":1,"minecraft:diamond_axe":2,"minecraft:air":754,"minecraft:stick":4,"minecraft:iron_shovel":1},"minecraft:killed_by":{"minecraft:husk":3,"alexsmobs:skelewag":2,"minecraft:zombie":2,"zombie_extreme:runner":3,"zombiemobs:zombie_turtle":1},"minecraft:picked_up":{"minecraft:birch_log":69,"tac:round45":1,"minecraft:wheat":1,"minecraft:azure_bluet":3,"immersiveengineering:coal_coke":4,"biomesoplenty:fir_sapling":175,"minecraft:stone_brick_wall":1,"biomesoplenty:fir_log":674,"minecraft:oak_log":551,"minecraft:dirt":14,"minecraft:string":29,"minecraft:bone":32,"cold_sweat:thermometer":2,"immersiveengineering:cokebrick":1,"minecraft:apple":31,"minecraft:wheat_seeds":47,"apocalypsenow:human_flesh":4,"minecraft:deepslate_brick_slab":1,"minecraft:cobbled_deepslate":4,"apocalypsenow:money":1,"minecraft:poppy":1,"minecraft:iron_pickaxe":1,"tac:9mm_round":2,"minecraft:birch_sapling":13,"minecraft:oak_planks":2,"tac:ae50":1,"minecraft:oak_slab":1,"minecraft:stick":246,"apocalypsenow:u_sarmy_chestplate":1,"embellishcraft:smooth_marble":2,"minecraft:torch":135,"minecraft:dandelion":21,"sophisticatedbackpacks:backpack":1,"minecraft:porkchop":2,"quark:cobblestone_bricks":45,"minecraft:quartz_block":2,"nameless_trinkets:super_magnet":1,"minecraft:rotten_flesh":30,"immersiveengineering:seed":48,"createaddition:barbed_wire":20,"artifacts:crystal_heart":1,"minecraft:deepslate_bricks":59,"minecraft:diamond_axe":1,"quark:framed_glass_pane":130,"minecraft:cyan_terracotta":57,"minecraft:bone_meal":1,"firstaid:bandage":1,"minecraft:oak_sapling":236,"minecraft:oxeye_daisy":1,"minecraft:diamond_pickaxe":1},"minecraft:mined":{"minecraft:oak_slab":2,"minecraft:oak_sapling":65,"minecraft:farmland":2,"minecraft:cyan_terracotta":57,"minecraft:dandelion":30,"minecraft:cornflower":1,"minecraft:torch":15,"quark:cobblestone_bricks":1,"minecraft:cyan_stained_glass_pane":2,"minecraft:grass_block":12,"minecraft:stone_brick_wall":1,"minecraft:poppy":2,"quark:framed_glass_pane":130,"create:framed_glass":13,"immersiveengineering:coke_oven":1,"minecraft:deepslate_bricks":39,"minecraft:tall_grass":10,"minecraft:oak_planks":6,"minecraft:oxeye_daisy":1,"minecraft:wall_torch":13,"minecraft:spawner":1,"minecraft:birch_sapling":3,"minecraft:cobbled_deepslate":5,"minecraft:azure_bluet":5,"minecraft:grass":450,"embellishcraft:smooth_marble":2,"minecraft:oak_log":3,"minecraft:dirt":11,"minecraft:cobweb":1,"biomesoplenty:fir_sapling":8,"minecraft:oak_leaves":53},"minecraft:dropped":{"minecraft:wheat_seeds":1,"minecraft:oak_log":403,"minecraft:cobbled_deepslate":4,"quark:framed_glass_pane":130,"apocalypsenow:small_can":5,"createaddition:barbed_wire":35,"minecraft:rotten_flesh":5,"minecraft:azure_bluet":2,"apocalypsenow:bloodybandages":2,"minecraft:oxeye_daisy":1,"minecraft:stick":4,"minecraft:deepslate_bricks":3,"firstaid:bandage":1,"minecraft:dirt":8,"minecraft:torch":67,"minecraft:stone_brick_wall":1,"minecraft:oak_sapling":40,"minecraft:bone_meal":1,"minecraft:stonecutter":1,"minecraft:iron_pickaxe":1,"minecraft:string":6,"minecraft:birch_log":69,"ftbquests:book":1,"cold_sweat:thermometer":1,"pfm:white_fridge":23,"minecraft:dandelion":10},"minecraft:broken":{"apocalypsenow:blue_football_armor_helmet":1,"apocalypsenow:construction_chestplate":1,"apocalypsenow:construction_helmet":1},"minecraft:used":{"quark:cobblestone_bricks":20,"minecraft:oak_planks":1,"apocalypsenow:chips":18,"minecraft:diamond_axe":232,"farmersdelight:melon_juice":2,"minecraft:deepslate_bricks":190,"minecraft:torch":89,"minecraft:dirt":128,"farmersdelight:chicken_sandwich":3,"minecraft:oak_slab":1,"apocalypsenow:orange_juice":3,"immersiveengineering:cokebrick":1,"easy_villagers:villager":1,"immersiveengineering:hammer":9,"minecraft:diamond_pickaxe":246,"minecraft:cyan_terracotta":10,"minecraft:apple":2,"apocalypsenow:iron_baseball_bat":107,"biomesoplenty:fir_sapling":8,"carryon:entity_item":2,"farmersdelight:melon_popsicle":13,"farmersdelight:bacon_sandwich":1,"chalk:red_chalk":2,"minecraft:potion":5,"apocalypsenow:combat_knife":177,"minecraft:oak_sapling":102,"apocalypsenow:porpsi":17,"apocalypsenow:peach_juice":8,"apocalypsenow:cereal":4,"minecraft:cobbled_deepslate":1,"minecraft:bone_meal":497},"minecraft:custom":{"minecraft:interact_with_furnace":1,"lootr:looted_stat":3,"minecraft:interact_with_anvil":3,"minecraft:mob_kills":52,"minecraft:interact_with_crafting_table":5,"minecraft:interact_with_stonecutter":3,"minecraft:leave_game":1,"minecraft:time_since_death":59325,"minecraft:sleep_in_bed":1,"minecraft:climb_one_cm":2387,"minecraft:time_since_rest":59384,"minecraft:sprint_one_cm":735333,"minecraft:damage_taken":6608,"minecraft:walk_one_cm":902268,"minecraft:fridge_opened":256,"minecraft:drop":56,"minecraft:damage_dealt":15554,"minecraft:swim_one_cm":96620,"minecraft:talked_to_villager":2,"minecraft:fly_one_cm":759901,"minecraft:open_chest":685,"minecraft:crouch_one_cm":87000,"minecraft:play_time":269784,"minecraft:sneak_time":18253,"minecraft:deaths":13,"minecraft:walk_under_water_one_cm":20623,"minecraft:jump":2697,"minecraft:walk_on_water_one_cm":38588,"minecraft:total_world_time":269784,"minecraft:fall_one_cm":70360}},"DataVersion":2975}