{"stats":{"minecraft:killed":{"minecraft:husk":6,"undead_revamp2:the_moonflower":1,"minecraft:zombie":13,"minecraft:drowned":1},"minecraft:crafted":{"apocalypsenow:iron_baseball_bat":1,"minecraft:air":318,"minecraft:iron_shovel":1},"minecraft:killed_by":{"minecraft:husk":2,"alexsmobs:skelewag":2,"minecraft:zombie":2,"zombie_extreme:runner":3,"zombiemobs:zombie_turtle":1},"minecraft:picked_up":{"tac:round45":1,"minecraft:wheat":1,"minecraft:azure_bluet":3,"immersiveengineering:coal_coke":4,"minecraft:oak_log":173,"minecraft:string":11,"minecraft:dirt":10,"minecraft:bone":14,"immersiveengineering:cokebrick":1,"minecraft:apple":8,"minecraft:wheat_seeds":26,"apocalypsenow:human_flesh":4,"apocalypsenow:money":1,"tac:9mm_round":1,"minecraft:oak_planks":2,"tac:ae50":1,"minecraft:stick":39,"apocalypsenow:u_sarmy_chestplate":1,"embellishcraft:smooth_marble":2,"minecraft:torch":68,"minecraft:dandelion":16,"sophisticatedbackpacks:backpack":1,"minecraft:quartz_block":2,"nameless_trinkets:super_magnet":1,"minecraft:rotten_flesh":15,"immersiveengineering:seed":31,"createaddition:barbed_wire":20,"artifacts:crystal_heart":1,"minecraft:diamond_axe":1,"minecraft:cyan_terracotta":57,"minecraft:oak_sapling":52,"minecraft:diamond_pickaxe":1},"minecraft:mined":{"minecraft:oak_sapling":22,"minecraft:cyan_terracotta":57,"minecraft:dandelion":21,"minecraft:torch":8,"minecraft:cyan_stained_glass_pane":2,"minecraft:grass_block":12,"minecraft:poppy":1,"create:framed_glass":13,"minecraft:deepslate_bricks":5,"immersiveengineering:coke_oven":1,"minecraft:tall_grass":10,"minecraft:oak_planks":2,"minecraft:wall_torch":11,"minecraft:spawner":1,"minecraft:azure_bluet":5,"minecraft:grass":338,"embellishcraft:smooth_marble":2,"minecraft:oak_log":2,"minecraft:cobweb":1,"minecraft:oak_leaves":22},"minecraft:dropped":{"minecraft:oak_log":173,"apocalypsenow:small_can":5,"createaddition:barbed_wire":35,"minecraft:azure_bluet":2,"apocalypsenow:bloodybandages":1,"minecraft:torch":67,"minecraft:oak_sapling":25,"minecraft:stonecutter":1,"ftbquests:book":1,"minecraft:dandelion":10},"minecraft:broken":{"apocalypsenow:construction_chestplate":1,"apocalypsenow:construction_helmet":1},"minecraft:used":{"minecraft:oak_planks":1,"minecraft:diamond_axe":81,"apocalypsenow:chips":14,"minecraft:deepslate_bricks":118,"minecraft:torch":35,"minecraft:dirt":7,"farmersdelight:chicken_sandwich":2,"immersiveengineering:cokebrick":1,"apocalypsenow:orange_juice":1,"easy_villagers:villager":1,"immersiveengineering:hammer":9,"minecraft:diamond_pickaxe":75,"minecraft:cyan_terracotta":10,"minecraft:apple":2,"apocalypsenow:iron_baseball_bat":107,"carryon:entity_item":2,"farmersdelight:melon_popsicle":5,"farmersdelight:bacon_sandwich":1,"chalk:red_chalk":2,"minecraft:potion":2,"apocalypsenow:porpsi":16,"minecraft:oak_sapling":65,"apocalypsenow:peach_juice":4,"apocalypsenow:combat_knife":39,"minecraft:bone_meal":236},"minecraft:custom":{"lootr:looted_stat":2,"minecraft:mob_kills":28,"minecraft:interact_with_anvil":1,"minecraft:interact_with_crafting_table":1,"minecraft:interact_with_stonecutter":2,"minecraft:time_since_death":27314,"minecraft:sleep_in_bed":1,"minecraft:time_since_rest":27402,"minecraft:sprint_one_cm":485824,"minecraft:damage_taken":4732,"minecraft:walk_one_cm":463781,"minecraft:fridge_opened":24,"minecraft:drop":27,"minecraft:damage_dealt":7718,"minecraft:talked_to_villager":2,"minecraft:fly_one_cm":489475,"minecraft:swim_one_cm":71751,"minecraft:open_chest":209,"minecraft:crouch_one_cm":25150,"minecraft:play_time":125907,"minecraft:sneak_time":5289,"minecraft:deaths":11,"minecraft:walk_under_water_one_cm":5071,"minecraft:jump":1729,"minecraft:walk_on_water_one_cm":26958,"minecraft:total_world_time":125907,"minecraft:fall_one_cm":37662}},"DataVersion":2975}