{"stats":{"minecraft:used":{"minecraft:polished_deepslate":5,"createdeco:andesite_door":1,"farmersdelight:stove":15,"minecraft:chest":106,"farmersdelight:melon_juice":1,"farmersdelight:sweet_berry_cheesecake":11,"minecraft:soul_sand":4,"apocalypsenow:apple_juice":1,"minecraft:carrot":21,"minecraft:deepslate_brick_slab":106,"pfm:birch_blue_classic_bed":2,"simplylight:illuminant_panel":6,"farmersdelight:sweet_berry_cookie":3,"farmersdelight:fried_rice":2,"apocalypsenow:coffee":1,"pfm:oak_white_classic_bed":3,"embellishcraft:smooth_marble":10,"minecraft:lava_bucket":197,"minecraft:cyan_terracotta":12,"farmersdelight:vegetable_soup":15,"ag_day_counter:calendar":1,"simplylight:rodlamp":13,"minecraft:quartz_slab":6,"apocalypsenow:beer":1,"minecraft:grass_block":192,"create:scoria":8,"apocalypsenow:harpoon":23,"immersiveengineering:concrete":1,"minecraft:stone_brick_stairs":19,"minecraft:stone_bricks":7,"minecraft:magma_block":4,"farmersdelight:cutting_board":2,"farmersdelight:tomato_sauce":26,"pfm:white_freezer":1,"minecraft:beetroot_seeds":9,"minecraft:oak_sapling":13,"minecraft:furnace":14,"biomesoplenty:fir_trapdoor":39,"biomesoplenty:fir_fence_gate":1,"pfm:white_mirror":14,"minecraft:potato":17,"biomesoplenty:fir_fence":39,"farmersdelight:beef_stew":7,"minecraft:deepslate_brick_wall":16,"apocalypsenow:energy_drink":1,"pfm:white_fridge":29,"pfm:wall_toilet_paper":2,"quark:framed_glass_pane":299,"minecraft:stone_pickaxe":133,"simplylight:edge_light_top":8,"minecraft:oak_planks":382,"artifacts:eternal_steak":221,"minecraft:wooden_pickaxe":10,"cfm:spruce_blinds":36,"pfm:white_stove":2,"minecraft:diamond_axe":1039,"minecraft:blue_bed":1,"pfm:light_switch":1,"minecraft:golden_apple":11,"minecraft:loom":2,"apocalypsenow:whisky":1,"minecraft:blast_furnace":8,"apocalypsenow:coke":48,"pfm:oak_purple_simple_bed":3,"minecraft:shears":1294,"minecraft:deepslate_brick_stairs":125,"minecraft:redstone_torch":2,"easy_villagers:villager":7,"apocalypsenow:tatical_mace":1092,"pfm:basic_shower_handle":3,"apocalypsenow:iron_baseball_bat":532,"minecraft:heavy_weighted_pressure_plate":8,"minecraft:bread":43,"minecraft:lectern":1,"minecraft:iron_door":8,"embellishcraft:smooth_basalt":6,"apocalypsenow:knife_spear":65,"apocalypsenow:dagger":9,"pfm:white_shower_towel":1,"minecraft:andesite":2,"create:framed_glass_door":15,"minecraft:grindstone":6,"minecraft:smithing_table":3,"cfm:oak_upgraded_gate":2,"minecraft:smooth_stone_slab":16,"minecraft:bone_meal":230,"minecraft:gray_stained_glass":3,"pfm:basic_bathtub":2,"minecraft:oak_fence":63,"pfm:birch_white_classic_bed":1,"minecraft:oak_trapdoor":345,"securitycraft:keypad_blast_furnace":1,"minecraft:enchanting_table":2,"minecraft:stone_sword":6,"cold_sweat:soul_sprout":1,"farmersdelight:vegetable_noodles":6,"pfm:mesh_trashcan":1,"minecraft:torch":335,"minecraft:brewing_stand":1,"minecraft:spyglass":6,"minecraft:dirt":465,"minecraft:anvil":1,"create:andesite_door":2,"apocalypsenow:grape_juice":4,"apocalypsenow:orange_juice":13,"minecraft:oak_fence_gate":45,"pfm:oak_blue_simple_bed":1,"minecraft:wooden_axe":9,"farmersdelight:oak_cabinet":3,"minecraft:bookshelf":138,"apocalypsenow:baseball_bat":75,"minecraft:oak_stairs":320,"carryon:entity_item":5,"biomesoplenty:smooth_white_sandstone":4,"embellishcraft:purple_oak_fancy_bed":4,"appletreesrev:gapple_sapling":3,"farmersdelight:basket":3,"embellishcraft:brown_oak_fancy_bed":1,"apocalypsenow:porpsi":3,"farmersdelight:cooking_pot":1,"cfm:black_kitchen_counter":6,"apocalypsenow:night_stick":820,"zombie_extreme:wire":1,"minecraft:cobbled_deepslate":637,"minecraft:iron_leggings":1,"minecraft:wheat_seeds":21,"pfm:basic_shower_head":3,"minecraft:water_bucket":11,"apocalypsenow:vodka":2,"quark:cobblestone_bricks":127,"create:train_door":7,"minecraft:cartography_table":2,"pfm:basic_sink":1,"appletreesrev:apple_sapling":4,"minecraft:cauldron":1,"minecraft:fletching_table":2,"minecraft:stonecutter":5,"minecraft:deepslate_bricks":336,"embellishcraft:red_pillow":1,"minecraft:crafting_table":10,"minecraft:oak_slab":86,"createaddition:barbed_wire":755,"embellishcraft:oak_plain_door":4,"pfm:birch_purple_classic_bed":2,"embellishcraft:smooth_marble_slab":1,"minecraft:smoker":6,"minecraft:oak_log":570,"minecraft:diamond_shovel":2155,"farmersdelight:apple_cider":1,"buildersdelight:industrial_flat_2":1,"minecraft:diamond_pickaxe":1627,"minecraft:apple":1,"embellishcraft:black_oak_fancy_bed":2,"minecraft:iron_pickaxe":255,"cgm:grenade":1,"minecraft:stone_slab":1,"pfm:gray_modern_pendant":2,"minecraft:stone_axe":103,"minecraft:cobblestone":228,"minecraft:potion":145,"minecraft:cobbled_deepslate_slab":13,"apocalypsenow:peach_juice":1,"pfm:birch_black_classic_bed":1,"minecraft:bucket":72,"minecraft:glass_pane":5,"quark:oak_chest":32,"farmersdelight:fruit_salad":4,"pfm:basic_toilet":1,"minecraft:kelp":11,"minecraft:smooth_stone":15},"minecraft:killed":{"undead_revamp2:thesmoker":42,"alexsmobs:orca":1,"zombiemobs:zombie_dolphin":1,"undead_revamp2:thepregnant":2,"zombiemobs:zombie_pig":1,"minecraft:zombie_villager":2,"zombiemobs:zombie_fox":1,"undead_revamp2:theordure":4,"minecraft:zombie":794,"alexsmobs:cachalot_whale":1,"zombie_extreme:infected_police":7,"alexsmobs:fly":5,"hordes:zombie_player":3,"alexsmobs:seagull":1,"undead_revamp2:bomber":14,"alexsmobs:bison":2,"minecraft:drowned":3,"zombie_extreme:runner":21,"zombiemobs:zombie_bear":1,"zombiemobs:zombie_squid":1,"zombie_extreme:crawler":10,"minecraft:husk":183,"undead_revamp2:the_moonflower":6,"mutationcraft:assimilated_human":2,"zombiemobs:zombie_goat":1},"minecraft:custom":{"lootr:looted_stat":152,"minecraft:interact_with_crafting_table":88,"minecraft:bell_ring":5,"minecraft:leave_game":22,"minecraft:time_since_death":178582,"minecraft:sprint_one_cm":1481448,"minecraft:drop":130,"minecraft:talked_to_villager":78,"minecraft:play_time":1391755,"minecraft:deaths":24,"minecraft:jump":4260,"minecraft:interact_with_brewingstand":2,"minecraft:walk_on_water_one_cm":71126,"minecraft:enchant_item":4,"minecraft:interact_with_furnace":14,"minecraft:traded_with_villager":101,"minecraft:interact_with_loom":1,"minecraft:stove_opened":7,"minecraft:sleep_in_bed":9,"minecraft:damage_dealt":98376,"minecraft:player_kills":2,"minecraft:crouch_one_cm":360738,"minecraft:interact_with_smoker":2,"minecraft:interact_with_smithing_table":2,"minecraft:mob_kills":1337,"minecraft:damage_dealt_resisted":10395,"minecraft:climb_one_cm":92948,"minecraft:walk_one_cm":4327981,"minecraft:fridge_opened":492,"minecraft:chair_used":3,"minecraft:damage_dealt_absorbed":648,"minecraft:sneak_time":111260,"minecraft:walk_under_water_one_cm":128218,"minecraft:drawer_searched":168,"minecraft:total_world_time":1391755,"minecraft:toilet_used":2,"minecraft:trashcan_opened":4,"minecraft:interact_with_stonecutter":18,"minecraft:interact_with_grindstone":3,"minecraft:time_since_rest":49805,"minecraft:cabinet_searched":4,"minecraft:damage_taken":19921,"minecraft:swim_one_cm":47642,"minecraft:freezer_opened":30,"minecraft:fly_one_cm":1343715,"minecraft:open_chest":1581,"minecraft:fall_one_cm":143286},"minecraft:killed_by":{"minecraft:zombie":3,"minecraft:husk":5,"minecraft:player":6,"alexsmobs:bison":2,"zombie_extreme:infected_police":1},"minecraft:broken":{"minecraft:shears":5,"minecraft:iron_leggings":1,"apocalypsenow:police_leggings":1,"minecraft:stone_pickaxe":1,"minecraft:diamond_shovel":1,"minecraft:stone_axe":1,"apocalypsenow:night_stick":1,"apocalypsenow:police_boots":1,"apocalypsenow:knife_spear":1,"apocalypsenow:police_chestplate":1,"apocalypsenow:u_sarmy_chestplate":1,"minecraft:iron_pickaxe":1,"apocalypsenow:baseball_bat":1},"minecraft:mined":{"immersiveengineering:capacitor_hv":4,"pfm:dark_wood_kitchen_sink":1,"farmersdelight:rice_bag":29,"minecraft:oak_sapling":46,"immersiveengineering:lightning_rod":1,"minecraft:white_bed":1,"embellishcraft:sturdy_steel_door":20,"farmersdelight:roast_chicken_block":5,"pfm:light_wood_kitchen_drawer":1,"pfm:basic_plate":1,"create:andesite_casing":33,"farmersdelight:tomato_crate":2,"minecraft:brewing_stand":1,"minecraft:grass_block":1406,"minecraft:stone_brick_wall":1,"minecraft:deepslate_bricks":150,"biomesoplenty:smooth_white_sandstone":4,"buildersdelight:industrial_flat_2":1,"appletreesrev:apple_sapling":1,"minecraft:spawner":114,"embellishcraft:smooth_basalt":7,"minecraft:smooth_stone":15,"minecraft:iron_ore":4,"minecraft:fire":2,"minecraft:cobbled_deepslate":120,"minecraft:pumpkin":6,"minecraft:anvil":3,"minecraft:fletching_table":1,"minecraft:enchanting_table":1,"pfm:white_fridge":77,"minecraft:dirt_path":6,"minecraft:quartz_slab":5,"minecraft:oak_stairs":103,"simplylight:rodlamp":28,"minecraft:deepslate_brick_stairs":47,"minecraft:iron_block":37,"create:cogwheel":34,"minecraft:quartz_block":2,"immersiveengineering:coil_hv":3,"minecraft:cyan_terracotta":46,"immersiveengineering:slab_cokebrick":12,"minecraft:kelp_plant":3,"farmersdelight:potato_crate":18,"minecraft:torch":66,"immersiveengineering:metal_barrel":51,"apocalypsenow:money_block":7,"quark:cobblestone_bricks":19,"farmersdelight:cabbage_crate":5,"minecraft:polished_andesite_stairs":1,"quark:framed_glass_pane":163,"minecraft:chest":16,"create:scoria":8,"embellishcraft:smooth_slate_stairs":1,"create:train_door":5,"minecraft:cobblestone":148,"minecraft:slime_block":2,"cfm:black_kitchen_counter":1,"minecraft:grindstone":3,"minecraft:oak_planks":224,"minecraft:iron_door":18,"createaddition:barbed_wire":202,"minecraft:wall_torch":39,"minecraft:cauldron":1,"create:contraption_controls":4,"farmersdelight:cutting_board":2,"pfm:basic_toilet":1,"minecraft:light_gray_stained_glass":11,"immersiveengineering:cokebrick":24,"minecraft:wheat":31,"quark:gunpowder_sack":12,"farmersdelight:rice_roll_medley_block":1,"minecraft:light_gray_wool":1294,"biomesoplenty:fir_log":1,"minecraft:stone_brick_stairs":6,"minecraft:smooth_stone_slab":16,"minecraft:grass":172,"minecraft:oak_log":151,"minecraft:beetroots":4,"minecraft:oak_fence_gate":5,"simplylight:edge_light_top":1,"create:hand_crank":2,"minecraft:dirt":693,"minecraft:loom":1,"minecraft:sand":52,"immersiveengineering:steel_fence":9,"biomesoplenty:fir_sapling":1,"simplylight:illuminant_block":1,"immersiveengineering:conveyor_basic":6,"minecraft:stonecutter":5,"minecraft:ancient_debris":5,"embellishcraft:red_pillow":1,"minecraft:oak_leaves":30,"minecraft:emerald_block":9,"farmersdelight:honey_glazed_ham_block":7,"farmersdelight:onions":1,"embellishcraft:air_duct":3,"minecraft:mossy_cobblestone":9,"minecraft:dark_oak_leaves":2,"minecraft:oak_door":1,"minecraft:gray_stained_glass_pane":4,"simplylight:illuminant_panel":7,"minecraft:cobbled_deepslate_slab":4,"create:large_cogwheel":11,"embellishcraft:smooth_basalt_slab":2,"create:encased_fan":12,"farmersdelight:tomatoes":12,"minecraft:cartography_table":1,"rocks:rock":1,"minecraft:hay_block":24,"minecraft:deepslate_brick_slab":13,"create:shaft":11,"minecraft:oak_trapdoor":14,"embellishcraft:smooth_marble_slab":1,"minecraft:furnace":5,"minecraft:carrots":24,"immersiveengineering:coil_lv":8,"minecraft:andesite":2,"minecraft:diamond_block":1,"immersiveengineering:steel_slope":30,"minecraft:gold_block":18,"minecraft:polished_deepslate":5,"minecraft:bookshelf":159,"minecraft:potatoes":10,"minecraft:deepslate_iron_ore":6,"embellishcraft:warning_steel_door":1,"pfm:oak_purple_simple_bed":2,"minecraft:stripped_oak_log":17,"biomesoplenty:barley":5,"immersiveengineering:light_engineering":3,"create:elevator_pulley":1,"minecraft:stone":67,"minecraft:cake":1,"immersiveengineering:ore_aluminum":11,"minecraft:redstone_wall_torch":1,"farmersdelight:cooking_pot":1,"minecraft:smithing_table":4,"pfm:white_freezer":1,"immersiveengineering:floodlight":1,"minecraft:glass_pane":3,"quark:smooth_stone_vertical_slab":4,"immersiveengineering:sheetmetal_iron":66,"minecraft:soul_sand":4,"quark:oak_chest":17,"pfm:basic_sink":1,"minecraft:dandelion":1,"minecraft:oak_fence":6,"appletreesrev:apple_leaves":3,"quark:spruce_bookshelf":8,"minecraft:crafting_table":9,"create:framed_glass_door":4,"minecraft:gray_stained_glass":26,"immersiveengineering:heavy_engineering":16,"minecraft:copper_ore":18,"minecraft:tall_grass":20,"pfm:wall_toilet_paper":2,"createaddition:honey_cake":1,"embellishcraft:gneiss_large_bricks_wall":2,"minecraft:stone_slab":1,"farmersdelight:carrot_crate":9,"cfm:spruce_blinds":22,"immersiveengineering:concrete":1,"farmersdelight:skillet":1,"farmersdelight:stuffed_pumpkin_block":4,"farmersdelight:shepherds_pie_block":3,"biomesoplenty:fir_fence_gate":1,"biomesoplenty:fir_fence":9,"create:gearbox":7,"minecraft:redstone_torch":1,"create:turntable":2,"minecraft:birch_leaves":3,"immersiveengineering:steel_scaffolding_standard":30,"embellishcraft:smooth_marble":33,"minecraft:coal_ore":23,"immersiveengineering:tank":2,"embellishcraft:brown_dark_oak_fancy_bed":1,"biomesoplenty:fir_leaves":4,"biomesoplenty:fir_trapdoor":11,"createaddition:chocolate_cake":1,"minecraft:cobweb":30,"farmersdelight:stove":4,"minecraft:stone_bricks":8},"minecraft:dropped":{"apocalypsenow:bloodbag":10,"minecraft:lapis_lazuli":17,"sophisticatedbackpacks:stack_upgrade_tier_2":1,"minecraft:diamond_axe":2,"minecraft:glass_bottle":10,"minecraft:diamond":21,"apocalypsenow:medicalkit":4,"artifacts:night_vision_goggles":2,"quark:light_gray_shard":2,"apocalypsenow:construction_helmet":1,"minecraft:bone_meal":128,"minecraft:sand":1,"minecraft:birch_log":69,"create:elevator_pulley":1,"minecraft:bone":50,"apocalypsenow:scissorst":1,"embellishcraft:gneiss_large_bricks_wall":2,"minecraft:rotten_flesh":503,"minecraft:oak_planks":126,"embellishcraft:sturdy_steel_door":4,"contenttweaker:research_paper_1":1,"minecraft:leather_chestplate":1,"minecraft:egg":4,"minecraft:wheat_seeds":2,"quark:gray_shard":37,"apocalypsenow:u_sarmy_boots":1,"minecraft:golden_apple":17,"minecraft:stick":106,"minecraft:lava_bucket":1,"apocalypsenow:blue_football_armor_chestplate":1,"apocalypsenow:letter_opener":1,"minecraft:ink_sac":3,"quark:cobblestone_bricks":44,"minecraft:torch":256,"minecraft:paper":24,"minecraft:string":6,"minecraft:gray_stained_glass":1,"quark:framed_glass_pane":65,"minecraft:bowl":10,"embellishcraft:smooth_marble":14,"sophisticatedbackpacks:backpack":1,"minecraft:deepslate_bricks":79,"apocalypsenow:suturekit":4,"minecraft:oak_sapling":12,"minecraft:stone_bricks":3,"biomesoplenty:fir_log":39},"minecraft:crafted":{"biomesoplenty:fir_trapdoor":2,"minecraft:glass":42,"explorerscompass:explorerscompass":1,"apocalypsenow:u_sarmy_helmet":1,"minecraft:diamond_axe":2,"minecraft:crafting_table":1,"minecraft:paper":224,"minecraft:diamond_pickaxe":1,"quark:oak_chest":1,"minecraft:stone_sword":1,"minecraft:warped_fungus":4,"immersiveengineering:survey_tools":3,"apocalypsenow:u_sarmy_chestplate":1,"minecraft:spyglass":3,"cold_sweat:soul_sprout":1,"minecraft:oak_trapdoor":2,"apocalypsenow:night_stick":1,"quark:cobblestone_bricks":32,"minecraft:stone_pickaxe":1,"apocalypsenow:u_sarmy_boots":1,"immersiveengineering:sample_drill":6,"minecraft:stone_axe":1,"minecraft:air":6870,"cold_sweat:thermometer":3,"biomesoplenty:fir_fence":36,"apocalypsenow:money":40,"minecraft:soul_sand":12,"biomesoplenty:fir_fence_gate":1},"minecraft:picked_up":{"apocalypsenow:energy_drink":1,"minecraft:wheat":16,"minecraft:anvil":2,"apocalypsenow:bloodybandages":2,"embellishcraft:warning_steel_door":1,"pfm:light_wood_kitchen_drawer":1,"minecraft:stone_slab":1,"appletreesrev:apple_sapling":3,"minecraft:oak_stairs":94,"apocalypsenow:can_opener":4,"minecraft:stone_brick_stairs":6,"pfm:white_freezer":2,"minecraft:brewing_stand":1,"biomesoplenty:fir_trapdoor":11,"farmersdelight:cutting_board":4,"minecraft:polished_deepslate":12,"minecraft:string":1130,"minecraft:raw_copper":66,"minecraft:smooth_stone_slab":16,"cfm:spruce_blinds":22,"embellishcraft:smooth_marble_slab":1,"minecraft:beetroot":5,"minecraft:smooth_stone":15,"minecraft:cobbled_deepslate":68,"farmersdelight:cabbage":4,"immersiveengineering:steel_slope":30,"minecraft:redstone_torch":2,"create:contraption_controls":4,"minecraft:furnace":5,"minecraft:golden_helmet":1,"minecraft:stick":338,"create:train_door":5,"simplylight:illuminant_panel":7,"farmersdelight:potato_crate":14,"embellishcraft:smooth_marble":34,"immersiveengineering:connector_hv":10,"farmersdelight:rotten_tomato":2,"minecraft:oak_fence":6,"minecraft:torch":307,"create:andesite_casing":7,"minecraft:dried_kelp":13,"sophisticatedbackpacks:stack_upgrade_tier_2":1,"minecraft:diorite":37,"camera:album":3,"minecraft:cauldron":1,"create:large_cogwheel":5,"apocalypsenow:scissors":1,"apocalypsenow:porpsi":1,"farmersdelight:tomato_crate":2,"minecraft:rotten_flesh":1206,"create:scoria":8,"createaddition:barbed_wire":216,"farmersdelight:onion":5,"minecraft:iron_block":37,"minecraft:cyan_terracotta":40,"minecraft:deepslate_brick_stairs":42,"apocalypsenow:money_block":7,"minecraft:cobblestone":451,"minecraft:birch_log":69,"apocalypsenow:u_sarmy_boots":2,"simplylight:rodlamp":28,"tac:round45":143,"minecraft:magma_block":7,"minecraft:leather_chestplate":2,"minecraft:iron_door":18,"farmersdelight:rice":10,"apocalypsenow:peach_juice":1,"apocalypsenow:anarchy_boots":1,"minecraft:andesite":8,"minecraft:golden_leggings":1,"createdeco:andesite_door":1,"appletreesrev:apple_log":35,"minecraft:potato":44,"biomesoplenty:fir_sapling":71,"biomesoplenty:fir_log":369,"apocalypsenow:cereal":14,"cfm:black_kitchen_counter":1,"farmersdelight:roast_chicken_block":6,"apocalypsenow:construction_chestplate":2,"farmersdelight:carrot_crate":6,"farmersdelight:tomato":22,"farmersdelight:cod_roll":4,"immersiveengineering:sheetmetal_iron":68,"minecraft:dirt":2176,"minecraft:lantern":1,"farmersdelight:shepherds_pie_block":3,"minecraft:leather_boots":1,"minecraft:bone":1284,"minecraft:wheat_seeds":144,"farmersdelight:vegetable_soup":9,"minecraft:stonecutter":1,"farmersdelight:salmon_roll":6,"apocalypsenow:human_flesh":21,"minecraft:deepslate_brick_slab":10,"farmersdelight:sweet_berry_cookie":3,"pfm:basic_toilet":1,"create:shaft":7,"tac:9mm_round":192,"minecraft:oak_planks":203,"biomesoplenty:toadstool":1,"apocalypsenow:u_sarmy_chestplate":3,"quark:smooth_stone_vertical_slab":3,"farmersdelight:stuffed_pumpkin_block":4,"immersiveengineering:slab_cokebrick":4,"create:cogwheel":14,"apocalypsenow:small_can":2,"minecraft:oak_pressure_plate":1,"apocalypsenow:chips":6,"minecraft:sand":52,"immersiveengineering:raw_aluminum":11,"immersiveengineering:coil_lv":8,"apocalypsenow:black_motorcycle_helmet_helmet":1,"minecraft:ink_sac":15,"embellishcraft:red_pillow":2,"minecraft:diamond_block":1,"apocalypsenow:dagger":1,"minecraft:mossy_cobblestone":9,"apocalypsenow:red_motorcycle_helmet_helmet":1,"apocalypsenow:golf_stick":1,"minecraft:slime_block":2,"artifacts:crystal_heart":1,"minecraft:granite":17,"apocalypsenow:black_bikers_helmet":1,"minecraft:bone_meal":128,"minecraft:golden_apple":10,"farmersdelight:rice_bag":19,"minecraft:chainmail_helmet":1,"minecraft:bread":9,"alexsmobs:maggot":19,"minecraft:oak_sapling":391,"minecraft:netherrack":36,"apocalypsenow:construction_helmet":4,"immersiveengineering:conveyor_basic":6,"rocks:cobblestone_splitter":1,"biomesoplenty:smooth_white_sandstone":5,"minecraft:crafting_table":5,"apocalypsenow:letter_opener":2,"artifacts:night_vision_goggles":1,"minecraft:azure_bluet":3,"apocalypsenow:fire_figther_boots":1,"minecraft:chicken":1,"apocalypsenow:spiked_iron_baseball_bat":1,"minecraft:leather_leggings":1,"immersiveengineering:heavy_engineering":16,"minecraft:stone_brick_wall":1,"minecraft:gold_block":18,"farmersdelight:tomato_sauce":10,"quark:gunpowder_sack":12,"embellishcraft:brown_dark_oak_fancy_bed":1,"minecraft:cornflower":2,"minecraft:oak_trapdoor":16,"minecraft:quartz_slab":6,"immersiveengineering:coil_hv":3,"cold_sweat:thermometer":1,"embellishcraft:smooth_basalt":6,"apocalypsenow:construction_boots":12,"apocalypsenow:mace":3,"embellishcraft:sturdy_steel_door":11,"minecraft:light_gray_wool":1293,"apocalypsenow:hookey_stick":2,"farmersdelight:kelp_roll_slice":6,"minecraft:egg":5,"minecraft:raw_iron":10,"minecraft:oak_door":2,"farmersdelight:cabbage_crate":2,"minecraft:copper_ingot":1,"minecraft:bowl":17,"sophisticatedbackpacks:backpack":5,"farmersdelight:tomato_seeds":12,"apocalypsenow:pipe_wrench":1,"create:hand_crank":2,"minecraft:carrot":98,"immersiveengineering:concrete":1,"tac:b_magnum":36,"create:vertical_gearbox":2,"buildersdelight:industrial_flat_2":1,"immersiveengineering:steel_scaffolding_standard":30,"apocalypsenow:baseball_bat":1,"minecraft:beetroot_seeds":15,"minecraft:deepslate_bricks":147,"minecraft:hay_block":24,"embellishcraft:smooth_slate_stairs":1,"minecraft:gold_ingot":1,"firstaid:bandage":3,"minecraft:mutton":4,"immersiveengineering:light_engineering":4,"apocalypsenow:fire_figther_chestplate":3,"minecraft:white_wool":1,"minecraft:stripped_oak_log":16,"immersiveengineering:metal_barrel":31,"minecraft:air":0,"minecraft:salmon":19,"pfm:oak_purple_simple_bed":2,"apocalypsenow:green_bikers_helmet":3,"minecraft:oak_log":1088,"immersiveengineering:floodlight":1,"minecraft:golden_boots":1,"minecraft:gunpowder":23,"minecraft:paper":7,"embellishcraft:gneiss_large_bricks_wall":2,"farmersdelight:honey_glazed_ham_block":7,"farmersdelight:cooking_pot":1,"minecraft:stone_bricks":10,"apocalypsenow:construction_leggings":3,"minecraft:apple":105,"minecraft:kelp":58,"apocalypsenow:money":22,"tac:nato_556_bullet":2,"minecraft:iron_ingot":10,"minecraft:oak_fence_gate":5,"apocalypsenow:red_bikers_helmet":3,"apocalypsenow:fire_figther_helmet":1,"minecraft:glass_bottle":18,"simplylight:illuminant_block":1,"minecraft:soul_sand":2,"tac:ae50":55,"apocalypsenow:grape_juice":3,"minecraft:book":309,"create:elevator_pulley":2,"quark:light_gray_shard":34,"pfm:basic_plate":1,"minecraft:emerald_block":9,"minecraft:pumpkin":6,"embellishcraft:smooth_basalt_slab":2,"minecraft:dandelion":13,"minecraft:lava_bucket":2,"minecraft:white_bed":1,"pfm:white_fridge":89,"create:turntable":2,"quark:oak_chest":15,"create:gearbox":1,"pfm:basic_sink":1,"quark:cobblestone_bricks":9,"immersiveengineering:steel_fence":9,"nameless_trinkets:super_magnet":1,"minecraft:slime_ball":2,"pfm:wall_toilet_paper":1,"immersiveengineering:seed":100,"create:encased_fan":3,"quark:framed_glass_pane":312,"minecraft:diamond_axe":1,"apocalypsenow:safe":1,"embellishcraft:air_duct":1,"quark:gray_shard":76,"immersiveengineering:capacitor_hv":4,"farmersdelight:stove":1,"immersiveengineering:hammer":3,"minecraft:coal":27}},"DataVersion":2975}