{"stats":{"minecraft:used":{"minecraft:beetroot":1,"easy_villagers:breeder":1,"minecraft:polished_deepslate":12,"apocalypsenow:premium_hammer":7,"immersiveengineering:seed":1,"minecraft:chest":7,"farmersdelight:stove":1,"apocalypsenow:spear":8,"apocalypsenow:chips":3,"farmersdelight:melon_juice":1,"farmersdelight:roasted_mutton_chops":3,"farmersdelight:fish_stew":1,"immersiveengineering:cokebrick":27,"minecraft:tuff":65,"minecraft:cyan_terracotta":12,"apocalypsenow:coffee":2,"farmersdelight:fried_rice":3,"farmersdelight:melon_popsicle":2,"farmersdelight:rotten_tomato":2,"minecraft:stone_bricks":2,"minecraft:oak_sapling":12,"minecraft:furnace":2,"minecraft:beetroot_seeds":3,"apocalypsenow:combat_knife":93,"apocalypsenow:royal_canada_police_officer_boots":1,"apocalypsenow:police_chestplate":1,"apocalypsenow:energy_drink":1,"embellishcraft:andesite_button":1,"apocalypsenow:electric_baton":1026,"pfm:white_fridge":2,"immersiveengineering:survey_tools":40,"minecraft:oak_planks":7,"simplylight:edge_light_top":1,"minecraft:diamond_axe":66,"minecraft:golden_apple":5,"apocalypsenow:whisky":4,"minecraft:pumpkin_seeds":2,"apocalypsenow:coke":21,"farmersdelight:ratatouille":2,"apocalypsenow:tatical_mace":636,"easy_villagers:villager":2,"immersiveengineering:hammer":1,"apocalypsenow:iron_baseball_bat":783,"apocalypsenow:dagger":24,"minecraft:bone_meal":227,"farmersdelight:vegetable_noodles":3,"minecraft:torch":263,"minecraft:spyglass":7,"apocalypsenow:u_sarmy_chestplate":1,"minecraft:dirt":14,"minecraft:anvil":2,"apocalypsenow:grape_juice":17,"apocalypsenow:orange_juice":2,"minecraft:granite":18,"apocalypsenow:police_leggings":2,"farmersdelight:mushroom_rice":1,"easy_villagers:trader":12,"biomesoplenty:smooth_white_sandstone":2,"apocalypsenow:porpsi":1,"easy_villagers:incubator":2,"farmersdelight:tomato_seeds":1,"minecraft:cobbled_deepslate":78,"sophisticatedbackpacks:gold_backpack":1,"minecraft:wheat_seeds":3,"minecraft:water_bucket":2,"apocalypsenow:vodka":1,"farmersdelight:honey_glazed_ham_block":1,"easy_villagers:farmer":2,"minecraft:cauldron":1,"minecraft:deepslate_bricks":1,"justhammers:diamond_hammer":1377,"minecraft:crafting_table":4,"apocalypsenow:spiked_iron_baseball_bat":70,"farmersdelight:bacon_and_eggs":1,"apocalypsenow:police_helmet":1,"minecraft:diamond_pickaxe":784,"minecraft:apple":1,"farmersdelight:apple_cider":4,"farmersdelight:pasta_with_meatballs":1,"minecraft:iron_pickaxe":259,"cgm:grenade":4,"minecraft:cobblestone":62,"minecraft:cobbled_deepslate_slab":1,"apocalypsenow:peach_juice":3,"minecraft:bucket":3,"farmersdelight:fruit_salad":1,"minecraft:dandelion":3,"create:bar_of_chocolate":5,"apocalypsenow:u_sarmy_helmet":1},"minecraft:killed":{"minecraft:cave_spider":1,"undead_revamp2:thesmoker":17,"zombiemobs:zombie_donkey":1,"minecraft:zombie_villager":2,"minecraft:zombie":686,"zombie_extreme:infected_police":5,"alexsmobs:fly":2,"hordes:zombie_player":3,"undead_revamp2:bomber":1,"alexsmobs:bison":1,"zombie_extreme:runner":4,"zombiemobs:zombie_bear":1,"zombie_extreme:crawler":5,"minecraft:husk":55,"undead_revamp2:the_moonflower":2,"minecraft:bat":3},"minecraft:custom":{"lootr:looted_stat":104,"minecraft:interact_with_crafting_table":43,"minecraft:bell_ring":1,"minecraft:leave_game":20,"minecraft:time_since_death":136768,"minecraft:sprint_one_cm":808123,"minecraft:drop":73,"minecraft:use_bathtub":1,"minecraft:talked_to_villager":46,"minecraft:play_time":749767,"minecraft:deaths":16,"minecraft:jump":3776,"minecraft:interact_with_brewingstand":1,"minecraft:walk_on_water_one_cm":25915,"minecraft:enchant_item":4,"minecraft:interact_with_furnace":16,"minecraft:traded_with_villager":274,"minecraft:interact_with_cartography_table":2,"minecraft:stove_opened":5,"minecraft:sleep_in_bed":1,"minecraft:damage_dealt":130761,"minecraft:player_kills":5,"minecraft:crouch_one_cm":68684,"minecraft:interact_with_anvil":8,"minecraft:mob_kills":859,"minecraft:damage_dealt_resisted":1325,"minecraft:climb_one_cm":30736,"minecraft:walk_one_cm":2558150,"minecraft:fridge_opened":365,"minecraft:chair_used":1,"minecraft:damage_dealt_absorbed":233,"minecraft:sneak_time":23070,"minecraft:walk_under_water_one_cm":115106,"minecraft:drawer_searched":92,"minecraft:total_world_time":749767,"minecraft:toilet_used":1,"minecraft:interact_with_grindstone":1,"minecraft:trashcan_opened":1,"minecraft:time_since_rest":136820,"minecraft:damage_taken":13463,"minecraft:swim_one_cm":24941,"minecraft:freezer_opened":18,"minecraft:fly_one_cm":650633,"minecraft:open_chest":834,"minecraft:fall_one_cm":82698},"minecraft:killed_by":{"minecraft:zombie":5,"minecraft:husk":1,"minecraft:player":1,"hordes:zombie_player":2,"zombie_extreme:infected_police":1},"minecraft:broken":{"apocalypsenow:u_sarmy_boots":1,"apocalypsenow:electric_baton":1,"apocalypsenow:construction_leggings":1,"justhammers:diamond_hammer":2,"minecraft:iron_pickaxe":1},"minecraft:mined":{"farmersdelight:rice_bag":1,"minecraft:oak_sapling":7,"embellishcraft:sturdy_steel_door":8,"apocalypsenow:rain_collector":1,"embellishcraft:white_steel_door":1,"create:andesite_casing":23,"apocalypsenow:safe":1,"embellishcraft:spruce_wooden_crate":2,"minecraft:granite":1,"simplylight:illuminant_purple_block_on":1,"minecraft:grass_block":18,"biomesoplenty:smooth_white_sandstone":8,"minecraft:nether_wart":3,"minecraft:spawner":83,"minecraft:smooth_stone":4,"minecraft:raw_iron_block":6,"quark:blossom_button":2,"minecraft:iron_ore":70,"minecraft:cobbled_deepslate":1,"pfm:dark_wood_modern_stool":1,"pfm:white_fridge":2,"minecraft:deepslate_lapis_ore":22,"minecraft:water_cauldron":1,"minecraft:quartz_slab":1,"minecraft:iron_block":21,"create:dark_oak_window_pane":3,"simplylight:illuminant_blue_block_on":1,"minecraft:deepslate_redstone_ore":53,"create:cogwheel":9,"minecraft:cyan_terracotta":3,"immersiveengineering:slab_cokebrick":8,"immersiveengineering:metal_barrel":20,"apocalypsenow:money_block":7,"minecraft:torch":14,"farmersdelight:cabbage_crate":1,"minecraft:poppy":1,"create:framed_glass":2,"embellishcraft:polished_marble":3,"easy_villagers:farmer":1,"minecraft:nether_quartz_ore":8,"minecraft:cobblestone":39,"minecraft:oak_planks":1,"minecraft:iron_door":6,"simplylight:illuminant_orange_block_on":1,"simplylight:illuminant_light_blue_block_on":1,"minecraft:wall_torch":12,"pfm:dark_wood_kitchen_drawer":1,"minecraft:deepslate_copper_ore":17,"create:contraption_controls":1,"immersiveengineering:storage_steel":3,"simplylight:illuminant_lime_block_on":1,"immersiveengineering:cokebrick":8,"minecraft:wheat":4,"minecraft:jukebox":1,"minecraft:grass":40,"create:vertical_framed_glass_pane":1,"minecraft:oak_log":19,"simplylight:edge_light_top":1,"pfm:dark_wood_kitchen_counter":1,"minecraft:dirt":12,"simplylight:illuminant_block":1,"biomesoplenty:fir_sapling":1,"minecraft:wither_skeleton_skull":1,"simplylight:illuminant_magenta_block_on":1,"minecraft:stonecutter":1,"minecraft:ancient_debris":1,"cfm:cyan_kitchen_counter":1,"minecraft:oak_leaves":2,"minecraft:deepslate":34,"minecraft:daylight_detector":4,"createdeco:andesite_door":11,"quark:smooth_quartz_vertical_slab":2,"minecraft:tuff":18,"farmersdelight:honey_glazed_ham_block":1,"minecraft:quartz_stairs":1,"minecraft:deepslate_diamond_ore":23,"minecraft:shulker_box":1,"minecraft:gray_stained_glass_pane":6,"minecraft:glow_lichen":2,"create:large_cogwheel":3,"create:encased_fan":5,"quark:stone_brick_vertical_slab":2,"quark:black_framed_glass":1,"minecraft:black_stained_glass_pane":3,"minecraft:redstone_ore":15,"create:shaft":1,"minecraft:andesite":3,"minecraft:gold_block":7,"minecraft:bell":1,"minecraft:polished_deepslate":12,"quark:nether_wart_sack":1,"minecraft:bookshelf":1,"minecraft:deepslate_iron_ore":156,"easy_villagers:trader":4,"minecraft:stone":31,"pfm:white_freezer":1,"pfm:deepslate_kitchen_wall_counter":1,"simplylight:illuminant_red_block_on":2,"quark:smooth_stone_vertical_slab":6,"minecraft:soul_sand":7,"minecraft:dandelion":3,"minecraft:cornflower":1,"embellishcraft:polished_marble_slab":6,"minecraft:gray_stained_glass":4,"minecraft:lectern":1,"minecraft:copper_ore":31,"embellishcraft:gneiss_large_bricks_wall":1,"farmersdelight:carrot_crate":1,"minecraft:tall_grass":1,"minecraft:lapis_ore":7,"minecraft:deepslate_gold_ore":55,"minecraft:diorite":1,"minecraft:cactus":2,"create:gearbox":1,"minecraft:creeper_head":1,"embellishcraft:smooth_marble":25,"minecraft:coal_ore":75,"biomesoplenty:fir_leaves":5,"minecraft:gravel":8,"minecraft:cobweb":46,"minecraft:stone_bricks":4,"minecraft:gold_ore":6,"simplylight:illuminant_yellow_block_on":1},"minecraft:dropped":{"minecraft:lapis_lazuli":29,"sophisticatedbackpacks:stack_upgrade_tier_2":1,"minecraft:scute":2,"minecraft:leather_helmet":1,"artifacts:night_vision_goggles":1,"apocalypsenow:spiked_iron_baseball_bat":3,"firstaid:bandage":16,"quark:light_gray_shard":31,"biomesoplenty:smooth_white_sandstone":1,"nameless_trinkets:super_magnet":2,"cold_sweat:waterskin":1,"apocalypsenow:safe":1,"minecraft:wheat":2,"minecraft:rotten_flesh":19,"apocalypsenow:money":1,"apocalypsenow:bloodybandages":2,"apocalypsenow:baseball_bat":1,"minecraft:shulker_shell":6,"minecraft:beetroot_seeds":3,"pfm:white_fridge":22,"minecraft:enchanted_book":2,"apocalypsenow:human_flesh":7,"minecraft:wheat_seeds":9,"minecraft:cobblestone":6,"simplylight:illuminant_block":1,"quark:gray_shard":5,"minecraft:lava_bucket":1,"minecraft:iron_block":10,"apocalypsenow:fire_figther_chestplate":1,"minecraft:torch":7,"minecraft:oak_stairs":8,"artifacts:crystal_heart":2,"minecraft:string":59,"cold_sweat:thermometer":3,"apocalypsenow:u_sarmy_chestplate":1,"quark:framed_glass_pane":30,"sophisticatedbackpacks:backpack":4,"apocalypsenow:iron_baseball_bat":1,"minecraft:diamond_pickaxe":1,"minecraft:quartz_stairs":1,"quark:smooth_quartz_vertical_slab":2,"minecraft:quartz_slab":1},"minecraft:crafted":{"minecraft:grindstone":1,"minecraft:oak_planks":12,"immersiveengineering:hemp_fabric":12,"minecraft:stone":8,"immersiveengineering:stick_steel":12,"justhammers:diamond_hammer":3,"apocalypsenow:u_sarmy_helmet":2,"minecraft:chest":6,"cold_sweat:waterskin":2,"easy_villagers:trader":2,"apocalypsenow:spiked_iron_baseball_bat":3,"immersiveengineering:ingot_aluminum":12,"minecraft:scute":5,"minecraft:cauldron":1,"sophisticatedbackpacks:backpack":3,"minecraft:diamond_axe":1,"minecraft:crafting_table":1,"apocalypsenow:u_sarmy_leggings":1,"immersiveengineering:cokebrick":8,"tac:10_gauge_round":96,"sophisticatedbackpacks:upgrade_base":1,"immersiveengineering:ersatz_leather":17,"minecraft:paper":32,"minecraft:diamond_pickaxe":2,"minecraft:stone_slab":6,"minecraft:stick":8,"appletreesrev:apple_planks":4,"minecraft:leather_chestplate":6,"minecraft:iron_ingot":31,"minecraft:compass":4,"apocalypsenow:bowie_machete":1,"cold_sweat:fur":12,"immersiveengineering:survey_tools":1,"apocalypsenow:u_sarmy_chestplate":3,"sophisticatedbackpacks:stack_upgrade_tier_3":1,"minecraft:spyglass":1,"sophisticatedbackpacks:stack_upgrade_tier_1":1,"minecraft:furnace":1,"create:iron_sheet":4,"minecraft:diamond_block":5,"minecraft:leather":22,"minecraft:rabbit_hide":31,"minecraft:slime_ball":12,"apocalypsenow:spear":1,"minecraft:netherite_scrap":6,"apocalypsenow:u_sarmy_boots":3,"tac:round45":96,"easy_villagers:farmer":1,"apocalypsenow:premium_hammer":2,"cold_sweat:hoglin_hide":12,"minecraft:bucket":1,"minecraft:dragon_breath":9,"minecraft:enchanted_book":20,"tac:9mm_round":96,"minecraft:air":2426,"cold_sweat:thermometer":3,"minecraft:white_wool":16,"minecraft:gunpowder":30,"easy_villagers:breeder":1,"apocalypsenow:money":192,"minecraft:soul_sand":8},"minecraft:picked_up":{"minecraft:shulker_shell":3,"minecraft:wheat":10,"minecraft:creeper_head":1,"apocalypsenow:bloodybandages":3,"minecraft:smithing_table":2,"minecraft:oak_stairs":8,"apocalypsenow:can_opener":2,"create:bar_of_chocolate":27,"farmersdelight:cutting_board":4,"embellishcraft:white_steel_door":3,"minecraft:polished_deepslate":5,"minecraft:string":973,"minecraft:raw_copper":166,"simplylight:illuminant_orange_block_on":1,"embellishcraft:smooth_marble_slab":1,"minecraft:beetroot":1,"minecraft:smooth_stone":3,"minecraft:cobbled_deepslate":4537,"minecraft:redstone_torch":1,"create:contraption_controls":1,"minecraft:dark_oak_door":1,"tac:m870_classic":1,"minecraft:stick":168,"farmersdelight:potato_crate":4,"immersiveengineering:connector_hv":20,"minecraft:jukebox":1,"embellishcraft:smooth_marble":44,"minecraft:torch":163,"create:andesite_casing":49,"quark:nether_wart_sack":1,"sophisticatedbackpacks:stack_upgrade_tier_2":1,"minecraft:diorite":149,"apocalypsenow:iron_baseball_bat":2,"quark:iron_button":2,"camera:album":2,"apocalypsenow:fire_figther_leggings":1,"minecraft:cauldron":1,"create:large_cogwheel":9,"apocalypsenow:scissors":1,"minecraft:quartz_block":18,"simplylight:illuminant_magenta_block_on":1,"quark:smooth_quartz_vertical_slab":2,"apocalypsenow:porpsi":1,"minecraft:cactus":6,"artifacts:lucky_scarf":1,"minecraft:rotten_flesh":1024,"createaddition:barbed_wire":1,"minecraft:iron_block":32,"minecraft:cyan_terracotta":43,"pfm:dark_wood_kitchen_drawer":1,"simplylight:illuminant_lime_block_on":1,"apocalypsenow:money_block":14,"minecraft:cobblestone":540,"minecraft:birch_log":69,"apocalypsenow:u_sarmy_boots":7,"tac:round45":101,"apocalypsenow:club":1,"minecraft:feather":2,"minecraft:iron_door":7,"apocalypsenow:peach_juice":2,"apocalypsenow:anarchy_boots":1,"minecraft:andesite":137,"apocalypsenow:hunting_helmet":1,"createdeco:andesite_door":10,"minecraft:potato":8,"biomesoplenty:fir_sapling":1,"biomesoplenty:fir_log":45,"apocalypsenow:cereal":4,"minecraft:flint":2,"minecraft:tuff":418,"quark:blossom_button":3,"apocalypsenow:bloodbag":10,"minecraft:wither_skeleton_skull":1,"apocalypsenow:construction_chestplate":11,"farmersdelight:carrot_crate":4,"farmersdelight:tomato":1,"minecraft:lapis_lazuli":203,"minecraft:dirt":65,"cgm:grenade":2,"minecraft:leather_boots":2,"minecraft:bone":1136,"easy_villagers:trader":4,"minecraft:stonecutter":2,"minecraft:wheat_seeds":32,"apocalypsenow:human_flesh":18,"minecraft:deepslate_brick_slab":2,"ftbquests:book":1,"minecraft:raw_gold":83,"minecraft:cobbled_deepslate_slab":4,"minecraft:bell":1,"create:shaft":5,"tac:9mm_round":206,"minecraft:oak_planks":77,"apocalypsenow:u_sarmy_chestplate":8,"quark:smooth_stone_vertical_slab":7,"immersiveengineering:slab_cokebrick":16,"create:cogwheel":29,"apocalypsenow:small_can":6,"simplylight:illuminant_purple_block_on":1,"apocalypsenow:black_motorcycle_helmet_helmet":1,"quark:stone_brick_vertical_slab":2,"apocalypsenow:dagger":2,"quark:polished_limestone_slab":10,"minecraft:shulker_box":1,"apocalypsenow:coke":45,"apocalypsenow:royal_canada_police_officer_boots":1,"apocalypsenow:golf_stick":3,"minecraft:diamond":50,"apocalypsenow:premium_hammer":1,"artifacts:crystal_heart":1,"minecraft:soul_lantern":1,"simplylight:illuminant_yellow_block_on":1,"minecraft:granite":107,"apocalypsenow:blue_football_armor_chestplate":1,"apocalypsenow:black_bikers_helmet":1,"minecraft:golden_apple":17,"farmersdelight:rice_bag":11,"minecraft:spruce_button":4,"alexsmobs:maggot":9,"apocalypsenow:scissorst":1,"minecraft:oak_sapling":137,"apocalypsenow:construction_helmet":11,"rocks:cobblestone_splitter":1,"minecraft:diamond_pickaxe":1,"biomesoplenty:smooth_white_sandstone":8,"sophisticatedbackpacks:gold_backpack":1,"minecraft:crafting_table":1,"apocalypsenow:letter_opener":2,"artifacts:night_vision_goggles":3,"minecraft:azure_bluet":1,"apocalypsenow:fire_figther_boots":1,"minecraft:nether_wart":4,"apocalypsenow:spiked_iron_baseball_bat":1,"minecraft:leather_leggings":2,"apocalypsenow:blue_football_armor_helmet":1,"minecraft:gold_block":14,"apocalypsenow:u_sarmy_helmet":7,"quark:gunpowder_sack":5,"minecraft:cornflower":1,"minecraft:flint_and_steel":1,"pfm:deepslate_kitchen_wall_counter":1,"minecraft:quartz_slab":1,"minecraft:iron_shovel":2,"cold_sweat:thermometer":2,"apocalypsenow:medicalkit":4,"apocalypsenow:construction_boots":17,"simplylight:edge_light_top":1,"embellishcraft:sturdy_steel_door":18,"minecraft:poppy":2,"minecraft:lectern":1,"minecraft:quartz_stairs":1,"cfm:cyan_kitchen_counter":1,"minecraft:raw_iron":287,"createdeco:yellow_decal":5,"farmersdelight:cabbage_crate":4,"sophisticatedbackpacks:backpack":2,"apocalypsenow:pipe_wrench":2,"pfm:dark_wood_modern_stool":1,"minecraft:carrot":13,"minecraft:redstone":362,"apocalypsenow:combat_knife":1,"tac:b_magnum":41,"apocalypsenow:baseball_bat":2,"minecraft:beetroot_seeds":6,"minecraft:deepslate_bricks":44,"minecraft:gold_ingot":4,"apocalypsenow:suturekit":9,"apocalypsenow:fire_figther_chestplate":3,"minecraft:white_wool":1,"immersiveengineering:metal_barrel":40,"minecraft:glow_ink_sac":2,"pfm:dark_wood_kitchen_counter":1,"simplylight:illuminant_blue_block_on":1,"easy_villagers:farmer":1,"minecraft:chainmail_chestplate":1,"minecraft:oak_log":303,"embellishcraft:polished_marble":8,"contenttweaker:research_paper_1":1,"minecraft:ancient_debris":6,"embellishcraft:polished_marble_slab":3,"minecraft:gunpowder":9,"minecraft:paper":25,"embellishcraft:gneiss_large_bricks_wall":1,"apocalypsenow:rain_collector":1,"apocalypsenow:u_sarmy_leggings":2,"farmersdelight:honey_glazed_ham_block":1,"immersiveengineering:cokebrick":32,"apocalypsenow:construction_leggings":9,"minecraft:apple":16,"minecraft:stone_bricks":6,"minecraft:kelp":11,"tac:deagle_357":1,"embellishcraft:spruce_wooden_crate":2,"apocalypsenow:money":69,"minecraft:iron_ingot":13,"immersiveengineering:storage_steel":3,"simplylight:illuminant_block":3,"minecraft:soul_sand":7,"tac:ae50":59,"sophisticatedbackpacks:diamond_backpack":1,"minecraft:book":3,"quark:light_gray_shard":62,"simplylight:illuminant_red_block_on":2,"minecraft:polished_andesite_stairs":1,"minecraft:emerald_block":3,"minecraft:daylight_detector":4,"apocalypsenow:anarchy_helmet":1,"minecraft:quartz":11,"minecraft:dandelion":7,"embellishcraft:andesite_button":8,"minecraft:raw_iron_block":6,"minecraft:gravel":6,"apocalypsenow:police_leggings":1,"pfm:white_fridge":25,"simplylight:illuminant_light_blue_block_on":1,"create:gearbox":5,"minecraft:leather_helmet":2,"nameless_trinkets:super_magnet":1,"immersiveengineering:seed":10,"embellishcraft:smooth_marble_wall":1,"create:encased_fan":14,"quark:framed_glass_pane":37,"minecraft:diamond_axe":1,"minecraft:scute":2,"apocalypsenow:safe":1,"embellishcraft:air_duct":2,"quark:gray_shard":22,"minecraft:coal":77}},"DataVersion":2975}