{"stats":{"minecraft:used":{"minecraft:carrot":21,"embellishcraft:smooth_marble":10,"farmersdelight:vegetable_soup":7,"simplylight:illuminant_panel":6,"minecraft:cyan_terracotta":12,"minecraft:lava_bucket":14,"ag_day_counter:calendar":1,"simplylight:rodlamp":13,"minecraft:quartz_slab":6,"minecraft:grass_block":112,"create:scoria":8,"minecraft:stone_brick_stairs":19,"minecraft:stone_bricks":6,"immersiveengineering:concrete":1,"pfm:white_freezer":1,"minecraft:furnace":10,"minecraft:oak_sapling":13,"minecraft:beetroot_seeds":9,"minecraft:potato":17,"farmersdelight:beef_stew":1,"quark:framed_glass_pane":18,"pfm:white_fridge":7,"minecraft:stone_pickaxe":133,"minecraft:oak_planks":65,"cfm:spruce_blinds":22,"minecraft:wooden_pickaxe":10,"minecraft:blue_bed":1,"minecraft:diamond_axe":294,"minecraft:golden_apple":9,"minecraft:shears":1294,"pfm:oak_purple_simple_bed":3,"minecraft:redstone_torch":2,"apocalypsenow:tatical_mace":1092,"minecraft:bread":40,"minecraft:iron_door":8,"embellishcraft:smooth_basalt":6,"minecraft:grindstone":1,"minecraft:andesite":2,"create:framed_glass_door":2,"minecraft:smooth_stone_slab":16,"cfm:oak_upgraded_gate":2,"minecraft:bone_meal":117,"minecraft:gray_stained_glass":3,"minecraft:oak_trapdoor":343,"minecraft:oak_fence":9,"minecraft:stone_sword":6,"minecraft:torch":175,"minecraft:dirt":429,"create:andesite_door":2,"minecraft:wooden_axe":9,"minecraft:oak_stairs":38,"carryon:entity_item":5,"appletreesrev:gapple_sapling":3,"apocalypsenow:night_stick":221,"zombie_extreme:wire":1,"minecraft:iron_leggings":1,"minecraft:wheat_seeds":21,"appletreesrev:apple_sapling":4,"createaddition:barbed_wire":715,"minecraft:oak_slab":86,"minecraft:crafting_table":7,"embellishcraft:oak_plain_door":4,"embellishcraft:smooth_marble_slab":1,"minecraft:oak_log":24,"minecraft:diamond_pickaxe":599,"minecraft:apple":1,"minecraft:diamond_shovel":2152,"minecraft:iron_pickaxe":255,"cgm:grenade":1,"minecraft:stone_slab":1,"minecraft:stone_axe":103,"minecraft:cobblestone":45,"minecraft:potion":89,"minecraft:bucket":7,"minecraft:glass_pane":5,"quark:oak_chest":29,"minecraft:smooth_stone":15},"minecraft:killed":{"undead_revamp2:thesmoker":32,"undead_revamp2:thepregnant":2,"zombiemobs:zombie_pig":1,"minecraft:zombie_villager":1,"zombiemobs:zombie_fox":1,"minecraft:zombie":365,"zombie_extreme:infected_police":2,"alexsmobs:fly":5,"alexsmobs:seagull":1,"undead_revamp2:bomber":14,"minecraft:drowned":3,"zombie_extreme:runner":17,"zombiemobs:zombie_bear":1,"zombie_extreme:crawler":8,"minecraft:husk":143,"undead_revamp2:the_moonflower":6,"mutationcraft:assimilated_human":1,"zombiemobs:zombie_goat":1},"minecraft:custom":{"lootr:looted_stat":58,"minecraft:interact_with_crafting_table":29,"minecraft:bell_ring":5,"minecraft:leave_game":11,"minecraft:time_since_death":78782,"minecraft:sprint_one_cm":908460,"minecraft:drop":57,"minecraft:talked_to_villager":3,"minecraft:play_time":580595,"minecraft:deaths":11,"minecraft:jump":2335,"minecraft:interact_with_brewingstand":1,"minecraft:walk_on_water_one_cm":12346,"minecraft:interact_with_furnace":12,"minecraft:sleep_in_bed":3,"minecraft:damage_dealt":56168,"minecraft:crouch_one_cm":47263,"minecraft:mob_kills":614,"minecraft:damage_dealt_resisted":3871,"minecraft:climb_one_cm":67622,"minecraft:walk_one_cm":1990770,"minecraft:fridge_opened":136,"minecraft:damage_dealt_absorbed":409,"minecraft:sneak_time":20944,"minecraft:walk_under_water_one_cm":15737,"minecraft:drawer_searched":4,"minecraft:total_world_time":580595,"minecraft:time_since_rest":78812,"minecraft:damage_taken":4918,"minecraft:swim_one_cm":32452,"minecraft:fly_one_cm":946120,"minecraft:freezer_opened":9,"minecraft:open_chest":698,"minecraft:fall_one_cm":37688},"minecraft:killed_by":{"minecraft:zombie":3,"minecraft:husk":5,"zombie_extreme:infected_police":1},"minecraft:broken":{"minecraft:shears":5,"minecraft:stone_pickaxe":1,"minecraft:diamond_shovel":1,"minecraft:stone_axe":1,"apocalypsenow:police_boots":1,"minecraft:iron_pickaxe":1},"minecraft:mined":{"immersiveengineering:capacitor_hv":4,"pfm:dark_wood_kitchen_sink":1,"immersiveengineering:lightning_rod":1,"embellishcraft:sturdy_steel_door":4,"farmersdelight:rice_bag":9,"minecraft:white_bed":1,"minecraft:oak_sapling":10,"farmersdelight:roast_chicken_block":5,"pfm:basic_plate":1,"farmersdelight:tomato_crate":2,"minecraft:brewing_stand":1,"minecraft:grass_block":1392,"minecraft:stone_brick_wall":1,"appletreesrev:apple_sapling":1,"minecraft:spawner":51,"embellishcraft:smooth_basalt":7,"minecraft:smooth_stone":15,"minecraft:iron_ore":4,"minecraft:pumpkin":6,"minecraft:anvil":2,"pfm:white_fridge":9,"minecraft:dirt_path":6,"minecraft:oak_stairs":60,"minecraft:quartz_slab":5,"simplylight:rodlamp":28,"minecraft:iron_block":37,"create:cogwheel":7,"minecraft:quartz_block":2,"immersiveengineering:coil_hv":3,"minecraft:cyan_terracotta":46,"farmersdelight:potato_crate":6,"immersiveengineering:metal_barrel":11,"apocalypsenow:money_block":7,"minecraft:torch":10,"quark:framed_glass_pane":28,"create:scoria":8,"embellishcraft:smooth_slate_stairs":1,"create:train_door":2,"minecraft:cobblestone":43,"minecraft:oak_planks":40,"createaddition:barbed_wire":172,"minecraft:iron_door":18,"minecraft:wall_torch":26,"create:contraption_controls":1,"pfm:basic_toilet":1,"minecraft:light_gray_stained_glass":11,"farmersdelight:cutting_board":2,"minecraft:wheat":31,"quark:gunpowder_sack":12,"minecraft:light_gray_wool":1294,"farmersdelight:rice_roll_medley_block":1,"minecraft:stone_brick_stairs":6,"minecraft:smooth_stone_slab":16,"minecraft:grass":141,"minecraft:oak_log":7,"minecraft:beetroots":4,"create:hand_crank":2,"minecraft:sand":52,"minecraft:dirt":672,"immersiveengineering:steel_fence":9,"simplylight:illuminant_block":1,"minecraft:oak_leaves":15,"minecraft:emerald_block":9,"farmersdelight:honey_glazed_ham_block":7,"farmersdelight:onions":1,"minecraft:mossy_cobblestone":9,"minecraft:oak_door":1,"simplylight:illuminant_panel":7,"create:large_cogwheel":1,"embellishcraft:smooth_basalt_slab":2,"farmersdelight:tomatoes":12,"minecraft:hay_block":24,"create:shaft":6,"minecraft:oak_trapdoor":14,"embellishcraft:smooth_marble_slab":1,"minecraft:furnace":4,"minecraft:carrots":24,"immersiveengineering:coil_lv":8,"minecraft:andesite":2,"minecraft:diamond_block":1,"immersiveengineering:steel_slope":30,"minecraft:gold_block":18,"minecraft:bookshelf":95,"minecraft:potatoes":10,"pfm:oak_purple_simple_bed":2,"minecraft:stripped_oak_log":16,"biomesoplenty:barley":5,"immersiveengineering:light_engineering":3,"create:elevator_pulley":1,"minecraft:stone":67,"immersiveengineering:ore_aluminum":11,"minecraft:redstone_wall_torch":1,"farmersdelight:cooking_pot":1,"pfm:white_freezer":1,"immersiveengineering:floodlight":1,"minecraft:glass_pane":3,"immersiveengineering:sheetmetal_iron":66,"quark:oak_chest":15,"pfm:basic_sink":1,"appletreesrev:apple_leaves":3,"minecraft:oak_fence":6,"quark:spruce_bookshelf":8,"minecraft:crafting_table":4,"minecraft:gray_stained_glass":22,"immersiveengineering:heavy_engineering":16,"pfm:wall_toilet_paper":1,"farmersdelight:carrot_crate":4,"minecraft:stone_slab":1,"cfm:spruce_blinds":14,"minecraft:tall_grass":18,"embellishcraft:gneiss_large_bricks_wall":2,"minecraft:copper_ore":18,"immersiveengineering:concrete":1,"farmersdelight:skillet":1,"farmersdelight:stuffed_pumpkin_block":4,"farmersdelight:shepherds_pie_block":2,"create:gearbox":3,"minecraft:redstone_torch":1,"embellishcraft:smooth_marble":24,"immersiveengineering:steel_scaffolding_standard":30,"minecraft:coal_ore":23,"immersiveengineering:tank":2,"embellishcraft:brown_dark_oak_fancy_bed":1,"biomesoplenty:fir_leaves":4,"farmersdelight:stove":1,"minecraft:cobweb":25,"minecraft:stone_bricks":7},"minecraft:dropped":{"minecraft:glass_bottle":10,"quark:light_gray_shard":2,"apocalypsenow:construction_helmet":1,"minecraft:sand":1,"create:elevator_pulley":1,"minecraft:bone":38,"embellishcraft:gneiss_large_bricks_wall":2,"minecraft:rotten_flesh":460,"embellishcraft:sturdy_steel_door":4,"minecraft:leather_chestplate":1,"minecraft:egg":4,"minecraft:wheat_seeds":2,"quark:gray_shard":37,"minecraft:stick":4,"minecraft:string":4,"minecraft:gray_stained_glass":1,"quark:framed_glass_pane":1,"embellishcraft:smooth_marble":14,"minecraft:oak_sapling":5,"minecraft:stone_bricks":3},"minecraft:crafted":{"minecraft:glass":42,"minecraft:crafting_table":1,"minecraft:diamond_axe":1,"minecraft:diamond_pickaxe":1,"quark:oak_chest":1,"minecraft:stone_sword":1,"minecraft:oak_trapdoor":2,"minecraft:stone_pickaxe":1,"minecraft:stone_axe":1,"minecraft:air":1955},"minecraft:picked_up":{"minecraft:wheat":14,"minecraft:anvil":2,"minecraft:stone_slab":1,"appletreesrev:apple_sapling":3,"minecraft:oak_stairs":60,"minecraft:stone_brick_stairs":6,"pfm:white_freezer":1,"minecraft:brewing_stand":1,"farmersdelight:cutting_board":2,"minecraft:string":639,"minecraft:raw_copper":64,"minecraft:smooth_stone_slab":16,"cfm:spruce_blinds":14,"embellishcraft:smooth_marble_slab":1,"minecraft:beetroot":4,"minecraft:smooth_stone":15,"farmersdelight:cabbage":4,"immersiveengineering:steel_slope":30,"minecraft:redstone_torch":2,"create:contraption_controls":1,"minecraft:furnace":4,"minecraft:stick":115,"create:train_door":2,"simplylight:illuminant_panel":7,"farmersdelight:potato_crate":6,"farmersdelight:rotten_tomato":1,"embellishcraft:smooth_marble":31,"minecraft:oak_fence":6,"minecraft:torch":57,"minecraft:dried_kelp":13,"create:large_cogwheel":1,"farmersdelight:tomato_crate":2,"minecraft:rotten_flesh":556,"create:scoria":8,"createaddition:barbed_wire":171,"farmersdelight:onion":5,"minecraft:iron_block":37,"minecraft:cyan_terracotta":40,"apocalypsenow:money_block":7,"minecraft:cobblestone":110,"simplylight:rodlamp":28,"tac:round45":95,"farmersdelight:rice":10,"minecraft:iron_door":18,"minecraft:andesite":2,"appletreesrev:apple_log":35,"minecraft:potato":43,"biomesoplenty:fir_sapling":1,"farmersdelight:roast_chicken_block":6,"immersiveengineering:sheetmetal_iron":68,"apocalypsenow:construction_chestplate":1,"farmersdelight:carrot_crate":4,"minecraft:dirt":2070,"farmersdelight:tomato":19,"farmersdelight:cod_roll":4,"farmersdelight:shepherds_pie_block":2,"minecraft:bone":638,"apocalypsenow:human_flesh":11,"minecraft:wheat_seeds":107,"farmersdelight:salmon_roll":6,"farmersdelight:vegetable_soup":9,"pfm:basic_toilet":1,"create:shaft":6,"tac:9mm_round":106,"minecraft:oak_planks":40,"biomesoplenty:toadstool":1,"apocalypsenow:u_sarmy_chestplate":1,"farmersdelight:stuffed_pumpkin_block":4,"create:cogwheel":7,"minecraft:oak_pressure_plate":1,"immersiveengineering:raw_aluminum":11,"minecraft:sand":52,"immersiveengineering:coil_lv":8,"apocalypsenow:black_motorcycle_helmet_helmet":1,"minecraft:ink_sac":5,"minecraft:diamond_block":1,"minecraft:mossy_cobblestone":9,"apocalypsenow:red_motorcycle_helmet_helmet":1,"apocalypsenow:black_bikers_helmet":1,"farmersdelight:rice_bag":9,"minecraft:golden_apple":10,"minecraft:bread":9,"alexsmobs:maggot":14,"minecraft:oak_sapling":194,"apocalypsenow:construction_helmet":3,"minecraft:crafting_table":4,"immersiveengineering:heavy_engineering":16,"minecraft:stone_brick_wall":1,"minecraft:gold_block":18,"farmersdelight:tomato_sauce":10,"quark:gunpowder_sack":12,"embellishcraft:brown_dark_oak_fancy_bed":1,"minecraft:oak_trapdoor":14,"minecraft:quartz_slab":6,"immersiveengineering:coil_hv":3,"embellishcraft:smooth_basalt":6,"apocalypsenow:construction_boots":2,"embellishcraft:sturdy_steel_door":5,"minecraft:light_gray_wool":1293,"minecraft:egg":5,"farmersdelight:kelp_roll_slice":6,"minecraft:raw_iron":4,"minecraft:oak_door":1,"minecraft:copper_ingot":1,"minecraft:bowl":9,"farmersdelight:tomato_seeds":12,"create:hand_crank":2,"minecraft:carrot":95,"immersiveengineering:concrete":1,"tac:b_magnum":31,"create:vertical_gearbox":2,"immersiveengineering:steel_scaffolding_standard":30,"minecraft:beetroot_seeds":12,"minecraft:hay_block":24,"embellishcraft:smooth_slate_stairs":1,"minecraft:mutton":4,"immersiveengineering:light_engineering":4,"minecraft:stripped_oak_log":16,"immersiveengineering:metal_barrel":11,"minecraft:salmon":19,"pfm:oak_purple_simple_bed":2,"apocalypsenow:green_bikers_helmet":3,"minecraft:oak_log":330,"immersiveengineering:floodlight":1,"minecraft:gunpowder":22,"embellishcraft:gneiss_large_bricks_wall":2,"farmersdelight:honey_glazed_ham_block":7,"apocalypsenow:construction_leggings":1,"minecraft:apple":90,"minecraft:stone_bricks":9,"farmersdelight:cooking_pot":1,"minecraft:iron_ingot":6,"tac:nato_556_bullet":2,"apocalypsenow:money":7,"apocalypsenow:red_bikers_helmet":3,"minecraft:glass_bottle":11,"simplylight:illuminant_block":1,"tac:ae50":47,"create:elevator_pulley":2,"minecraft:book":309,"quark:light_gray_shard":34,"pfm:basic_plate":1,"minecraft:emerald_block":9,"minecraft:pumpkin":6,"embellishcraft:smooth_basalt_slab":2,"minecraft:white_bed":1,"pfm:white_fridge":9,"quark:oak_chest":15,"create:gearbox":1,"pfm:basic_sink":1,"immersiveengineering:steel_fence":9,"immersiveengineering:seed":61,"pfm:wall_toilet_paper":1,"quark:framed_glass_pane":28,"quark:gray_shard":64,"immersiveengineering:capacitor_hv":4,"immersiveengineering:hammer":3,"farmersdelight:stove":1,"minecraft:coal":23}},"DataVersion":2975}