{"stats":{"minecraft:killed":{"undead_revamp2:thesmoker":39,"zombiemobs:zombie_dolphin":1,"undead_revamp2:thepregnant":2,"zombiemobs:zombie_pig":1,"minecraft:zombie_villager":1,"zombiemobs:zombie_fox":1,"undead_revamp2:theordure":4,"minecraft:zombie":738,"zombie_extreme:infected_police":7,"alexsmobs:fly":5,"hordes:zombie_player":3,"alexsmobs:seagull":1,"undead_revamp2:bomber":14,"minecraft:drowned":3,"zombie_extreme:runner":20,"zombiemobs:zombie_bear":1,"zombie_extreme:crawler":8,"minecraft:husk":154,"undead_revamp2:the_moonflower":6,"mutationcraft:assimilated_human":1,"zombiemobs:zombie_goat":1},"minecraft:crafted":{"minecraft:glass":42,"apocalypsenow:u_sarmy_helmet":1,"minecraft:diamond_axe":1,"minecraft:crafting_table":1,"minecraft:diamond_pickaxe":1,"quark:oak_chest":1,"minecraft:stone_sword":1,"apocalypsenow:u_sarmy_chestplate":1,"minecraft:oak_trapdoor":2,"apocalypsenow:night_stick":1,"minecraft:stone_pickaxe":1,"apocalypsenow:u_sarmy_boots":1,"minecraft:stone_axe":1,"minecraft:air":2162},"minecraft:killed_by":{"minecraft:zombie":3,"minecraft:husk":5,"minecraft:player":5,"zombie_extreme:infected_police":1},"minecraft:picked_up":{"apocalypsenow:energy_drink":1,"minecraft:wheat":14,"minecraft:anvil":2,"embellishcraft:warning_steel_door":1,"pfm:light_wood_kitchen_drawer":1,"minecraft:stone_slab":1,"appletreesrev:apple_sapling":3,"minecraft:oak_stairs":60,"apocalypsenow:can_opener":4,"minecraft:stone_brick_stairs":6,"pfm:white_freezer":2,"minecraft:brewing_stand":1,"farmersdelight:cutting_board":4,"minecraft:string":944,"minecraft:raw_copper":64,"minecraft:smooth_stone_slab":16,"cfm:spruce_blinds":14,"embellishcraft:smooth_marble_slab":1,"minecraft:beetroot":4,"minecraft:smooth_stone":15,"farmersdelight:cabbage":4,"immersiveengineering:steel_slope":30,"minecraft:redstone_torch":2,"create:contraption_controls":4,"minecraft:furnace":5,"minecraft:stick":115,"create:train_door":2,"simplylight:illuminant_panel":7,"farmersdelight:potato_crate":14,"immersiveengineering:connector_hv":10,"embellishcraft:smooth_marble":34,"farmersdelight:rotten_tomato":1,"minecraft:oak_fence":6,"minecraft:torch":119,"create:andesite_casing":7,"minecraft:dried_kelp":13,"sophisticatedbackpacks:stack_upgrade_tier_2":1,"camera:album":3,"minecraft:cauldron":1,"create:large_cogwheel":5,"apocalypsenow:scissors":1,"apocalypsenow:porpsi":1,"farmersdelight:tomato_crate":2,"minecraft:rotten_flesh":946,"create:scoria":8,"createaddition:barbed_wire":173,"farmersdelight:onion":5,"minecraft:iron_block":37,"minecraft:cyan_terracotta":40,"apocalypsenow:money_block":7,"minecraft:cobblestone":110,"apocalypsenow:u_sarmy_boots":2,"simplylight:rodlamp":28,"tac:round45":131,"minecraft:iron_door":18,"farmersdelight:rice":10,"apocalypsenow:peach_juice":1,"apocalypsenow:anarchy_boots":1,"minecraft:andesite":2,"appletreesrev:apple_log":35,"createdeco:andesite_door":1,"minecraft:potato":43,"biomesoplenty:fir_sapling":1,"apocalypsenow:cereal":14,"farmersdelight:roast_chicken_block":6,"apocalypsenow:construction_chestplate":2,"farmersdelight:carrot_crate":6,"minecraft:dirt":2077,"farmersdelight:tomato":19,"farmersdelight:cod_roll":4,"immersiveengineering:sheetmetal_iron":68,"minecraft:lantern":1,"farmersdelight:shepherds_pie_block":3,"minecraft:bone":1028,"minecraft:wheat_seeds":112,"farmersdelight:vegetable_soup":9,"farmersdelight:salmon_roll":6,"apocalypsenow:human_flesh":16,"pfm:basic_toilet":1,"create:shaft":7,"tac:9mm_round":172,"minecraft:oak_planks":40,"biomesoplenty:toadstool":1,"apocalypsenow:u_sarmy_chestplate":3,"quark:smooth_stone_vertical_slab":3,"farmersdelight:stuffed_pumpkin_block":4,"immersiveengineering:slab_cokebrick":4,"apocalypsenow:small_can":1,"create:cogwheel":14,"minecraft:oak_pressure_plate":1,"apocalypsenow:chips":6,"immersiveengineering:raw_aluminum":11,"minecraft:sand":52,"immersiveengineering:coil_lv":8,"apocalypsenow:black_motorcycle_helmet_helmet":1,"minecraft:ink_sac":15,"embellishcraft:red_pillow":2,"minecraft:diamond_block":1,"apocalypsenow:dagger":1,"minecraft:mossy_cobblestone":9,"apocalypsenow:red_motorcycle_helmet_helmet":1,"apocalypsenow:golf_stick":1,"minecraft:slime_block":2,"artifacts:crystal_heart":1,"apocalypsenow:black_bikers_helmet":1,"minecraft:golden_apple":10,"farmersdelight:rice_bag":19,"minecraft:chainmail_helmet":1,"minecraft:bread":9,"alexsmobs:maggot":16,"minecraft:oak_sapling":194,"apocalypsenow:construction_helmet":4,"immersiveengineering:conveyor_basic":6,"rocks:cobblestone_splitter":1,"biomesoplenty:smooth_white_sandstone":5,"minecraft:crafting_table":5,"apocalypsenow:letter_opener":2,"apocalypsenow:fire_figther_boots":1,"minecraft:chicken":1,"minecraft:leather_leggings":1,"immersiveengineering:heavy_engineering":16,"minecraft:stone_brick_wall":1,"minecraft:gold_block":18,"farmersdelight:tomato_sauce":10,"quark:gunpowder_sack":12,"embellishcraft:brown_dark_oak_fancy_bed":1,"minecraft:oak_trapdoor":14,"minecraft:quartz_slab":6,"immersiveengineering:coil_hv":3,"embellishcraft:smooth_basalt":6,"apocalypsenow:construction_boots":12,"apocalypsenow:mace":3,"embellishcraft:sturdy_steel_door":11,"minecraft:light_gray_wool":1293,"apocalypsenow:hookey_stick":2,"farmersdelight:kelp_roll_slice":6,"minecraft:egg":5,"minecraft:raw_iron":4,"minecraft:oak_door":1,"farmersdelight:cabbage_crate":2,"minecraft:copper_ingot":1,"minecraft:bowl":17,"sophisticatedbackpacks:backpack":4,"farmersdelight:tomato_seeds":12,"apocalypsenow:pipe_wrench":1,"create:hand_crank":2,"minecraft:carrot":96,"immersiveengineering:concrete":1,"tac:b_magnum":32,"create:vertical_gearbox":2,"buildersdelight:industrial_flat_2":1,"immersiveengineering:steel_scaffolding_standard":30,"apocalypsenow:baseball_bat":1,"minecraft:beetroot_seeds":12,"minecraft:hay_block":24,"embellishcraft:smooth_slate_stairs":1,"minecraft:gold_ingot":1,"firstaid:bandage":3,"minecraft:mutton":4,"immersiveengineering:light_engineering":4,"apocalypsenow:fire_figther_chestplate":3,"minecraft:stripped_oak_log":16,"immersiveengineering:metal_barrel":31,"pfm:oak_purple_simple_bed":2,"minecraft:salmon":19,"apocalypsenow:green_bikers_helmet":3,"minecraft:oak_log":330,"immersiveengineering:floodlight":1,"minecraft:gunpowder":23,"minecraft:paper":7,"embellishcraft:gneiss_large_bricks_wall":2,"farmersdelight:honey_glazed_ham_block":7,"apocalypsenow:construction_leggings":3,"minecraft:apple":91,"minecraft:stone_bricks":10,"farmersdelight:cooking_pot":1,"apocalypsenow:money":20,"tac:nato_556_bullet":2,"minecraft:iron_ingot":9,"apocalypsenow:red_bikers_helmet":3,"apocalypsenow:fire_figther_helmet":1,"minecraft:glass_bottle":18,"simplylight:illuminant_block":1,"tac:ae50":51,"minecraft:book":309,"create:elevator_pulley":2,"quark:light_gray_shard":34,"pfm:basic_plate":1,"minecraft:emerald_block":9,"minecraft:pumpkin":6,"embellishcraft:smooth_basalt_slab":2,"minecraft:lava_bucket":1,"minecraft:white_bed":1,"pfm:white_fridge":42,"create:turntable":2,"quark:oak_chest":15,"create:gearbox":1,"pfm:basic_sink":1,"immersiveengineering:steel_fence":9,"nameless_trinkets:super_magnet":1,"pfm:wall_toilet_paper":1,"immersiveengineering:seed":64,"create:encased_fan":3,"quark:framed_glass_pane":28,"apocalypsenow:safe":1,"embellishcraft:air_duct":1,"quark:gray_shard":76,"immersiveengineering:capacitor_hv":4,"farmersdelight:stove":1,"immersiveengineering:hammer":3,"minecraft:coal":27},"minecraft:mined":{"immersiveengineering:capacitor_hv":4,"pfm:dark_wood_kitchen_sink":1,"farmersdelight:rice_bag":29,"immersiveengineering:lightning_rod":1,"minecraft:oak_sapling":10,"minecraft:white_bed":1,"embellishcraft:sturdy_steel_door":20,"pfm:light_wood_kitchen_drawer":1,"farmersdelight:roast_chicken_block":5,"pfm:basic_plate":1,"create:andesite_casing":33,"farmersdelight:tomato_crate":2,"minecraft:brewing_stand":1,"minecraft:grass_block":1395,"minecraft:stone_brick_wall":1,"biomesoplenty:smooth_white_sandstone":4,"buildersdelight:industrial_flat_2":1,"appletreesrev:apple_sapling":1,"minecraft:spawner":114,"embellishcraft:smooth_basalt":7,"minecraft:smooth_stone":15,"minecraft:iron_ore":4,"minecraft:pumpkin":6,"minecraft:anvil":2,"pfm:white_fridge":65,"minecraft:dirt_path":6,"minecraft:quartz_slab":5,"minecraft:oak_stairs":60,"simplylight:rodlamp":28,"minecraft:iron_block":37,"create:cogwheel":34,"minecraft:quartz_block":2,"immersiveengineering:coil_hv":3,"minecraft:cyan_terracotta":46,"immersiveengineering:slab_cokebrick":12,"farmersdelight:potato_crate":18,"immersiveengineering:metal_barrel":51,"apocalypsenow:money_block":7,"minecraft:torch":10,"farmersdelight:cabbage_crate":5,"minecraft:polished_andesite_stairs":1,"quark:framed_glass_pane":28,"create:scoria":8,"embellishcraft:smooth_slate_stairs":1,"create:train_door":2,"minecraft:cobblestone":43,"minecraft:slime_block":2,"minecraft:oak_planks":40,"minecraft:iron_door":18,"createaddition:barbed_wire":174,"minecraft:wall_torch":26,"minecraft:cauldron":1,"create:contraption_controls":4,"pfm:basic_toilet":1,"immersiveengineering:cokebrick":24,"minecraft:light_gray_stained_glass":11,"farmersdelight:cutting_board":2,"minecraft:wheat":31,"quark:gunpowder_sack":12,"minecraft:light_gray_wool":1294,"farmersdelight:rice_roll_medley_block":1,"minecraft:stone_brick_stairs":6,"minecraft:smooth_stone_slab":16,"minecraft:grass":143,"minecraft:oak_log":7,"minecraft:beetroots":4,"create:hand_crank":2,"minecraft:dirt":673,"minecraft:sand":52,"immersiveengineering:steel_fence":9,"simplylight:illuminant_block":1,"immersiveengineering:conveyor_basic":6,"minecraft:stonecutter":1,"minecraft:ancient_debris":5,"embellishcraft:red_pillow":1,"minecraft:oak_leaves":16,"minecraft:emerald_block":9,"farmersdelight:honey_glazed_ham_block":7,"farmersdelight:onions":1,"embellishcraft:air_duct":3,"minecraft:mossy_cobblestone":9,"minecraft:dark_oak_leaves":2,"minecraft:oak_door":1,"minecraft:gray_stained_glass_pane":4,"simplylight:illuminant_panel":7,"create:large_cogwheel":11,"embellishcraft:smooth_basalt_slab":2,"create:encased_fan":12,"farmersdelight:tomatoes":12,"rocks:rock":1,"minecraft:hay_block":24,"create:shaft":11,"minecraft:oak_trapdoor":14,"embellishcraft:smooth_marble_slab":1,"minecraft:furnace":5,"minecraft:carrots":24,"immersiveengineering:coil_lv":8,"minecraft:andesite":2,"minecraft:diamond_block":1,"immersiveengineering:steel_slope":30,"minecraft:gold_block":18,"minecraft:bookshelf":95,"minecraft:potatoes":10,"embellishcraft:warning_steel_door":1,"pfm:oak_purple_simple_bed":2,"minecraft:stripped_oak_log":16,"biomesoplenty:barley":5,"immersiveengineering:light_engineering":3,"create:elevator_pulley":1,"minecraft:stone":67,"minecraft:cake":1,"immersiveengineering:ore_aluminum":11,"minecraft:redstone_wall_torch":1,"farmersdelight:cooking_pot":1,"minecraft:smithing_table":2,"pfm:white_freezer":1,"immersiveengineering:floodlight":1,"minecraft:glass_pane":3,"quark:smooth_stone_vertical_slab":4,"immersiveengineering:sheetmetal_iron":66,"quark:oak_chest":15,"pfm:basic_sink":1,"minecraft:oak_fence":6,"appletreesrev:apple_leaves":3,"quark:spruce_bookshelf":8,"minecraft:crafting_table":6,"minecraft:gray_stained_glass":26,"immersiveengineering:heavy_engineering":16,"pfm:wall_toilet_paper":1,"createaddition:honey_cake":1,"minecraft:copper_ore":18,"farmersdelight:carrot_crate":9,"minecraft:stone_slab":1,"embellishcraft:gneiss_large_bricks_wall":2,"cfm:spruce_blinds":14,"minecraft:tall_grass":18,"immersiveengineering:concrete":1,"farmersdelight:skillet":1,"farmersdelight:stuffed_pumpkin_block":4,"farmersdelight:shepherds_pie_block":3,"create:gearbox":7,"minecraft:redstone_torch":1,"create:turntable":2,"minecraft:birch_leaves":3,"immersiveengineering:steel_scaffolding_standard":30,"embellishcraft:smooth_marble":33,"minecraft:coal_ore":23,"immersiveengineering:tank":2,"embellishcraft:brown_dark_oak_fancy_bed":1,"biomesoplenty:fir_leaves":4,"createaddition:chocolate_cake":1,"minecraft:cobweb":30,"farmersdelight:stove":1,"minecraft:stone_bricks":8},"minecraft:dropped":{"sophisticatedbackpacks:stack_upgrade_tier_2":1,"minecraft:glass_bottle":10,"minecraft:diamond":21,"quark:light_gray_shard":2,"apocalypsenow:construction_helmet":1,"minecraft:sand":1,"create:elevator_pulley":1,"minecraft:bone":40,"apocalypsenow:scissorst":1,"embellishcraft:gneiss_large_bricks_wall":2,"minecraft:rotten_flesh":482,"embellishcraft:sturdy_steel_door":4,"minecraft:leather_chestplate":1,"minecraft:egg":4,"minecraft:wheat_seeds":2,"quark:gray_shard":37,"apocalypsenow:u_sarmy_boots":1,"minecraft:stick":4,"minecraft:lava_bucket":1,"apocalypsenow:blue_football_armor_chestplate":1,"apocalypsenow:letter_opener":1,"minecraft:ink_sac":3,"minecraft:torch":80,"minecraft:paper":24,"minecraft:string":6,"minecraft:gray_stained_glass":1,"quark:framed_glass_pane":1,"minecraft:bowl":10,"embellishcraft:smooth_marble":14,"minecraft:oak_sapling":5,"minecraft:stone_bricks":3},"minecraft:broken":{"minecraft:shears":5,"minecraft:iron_leggings":1,"minecraft:stone_pickaxe":1,"minecraft:diamond_shovel":1,"minecraft:stone_axe":1,"apocalypsenow:night_stick":1,"apocalypsenow:police_boots":1,"apocalypsenow:knife_spear":1,"apocalypsenow:police_chestplate":1,"minecraft:iron_pickaxe":1,"apocalypsenow:baseball_bat":1},"minecraft:used":{"createdeco:andesite_door":1,"minecraft:chest":17,"farmersdelight:melon_juice":1,"farmersdelight:sweet_berry_cheesecake":11,"apocalypsenow:apple_juice":1,"minecraft:carrot":21,"simplylight:illuminant_panel":6,"apocalypsenow:coffee":1,"embellishcraft:smooth_marble":10,"farmersdelight:fried_rice":2,"minecraft:lava_bucket":53,"minecraft:cyan_terracotta":12,"farmersdelight:vegetable_soup":15,"ag_day_counter:calendar":1,"simplylight:rodlamp":13,"minecraft:quartz_slab":6,"apocalypsenow:beer":1,"minecraft:grass_block":120,"create:scoria":8,"minecraft:stone_brick_stairs":19,"minecraft:stone_bricks":7,"immersiveengineering:concrete":1,"farmersdelight:tomato_sauce":26,"pfm:white_freezer":1,"minecraft:oak_sapling":13,"minecraft:furnace":10,"minecraft:beetroot_seeds":9,"minecraft:potato":17,"farmersdelight:beef_stew":7,"apocalypsenow:energy_drink":1,"pfm:white_fridge":11,"quark:framed_glass_pane":18,"minecraft:stone_pickaxe":133,"minecraft:oak_planks":65,"cfm:spruce_blinds":22,"minecraft:wooden_pickaxe":10,"minecraft:diamond_axe":428,"minecraft:blue_bed":1,"minecraft:golden_apple":10,"apocalypsenow:whisky":1,"apocalypsenow:coke":48,"pfm:oak_purple_simple_bed":3,"minecraft:shears":1294,"minecraft:redstone_torch":2,"apocalypsenow:tatical_mace":1092,"apocalypsenow:iron_baseball_bat":480,"minecraft:bread":43,"minecraft:iron_door":8,"embellishcraft:smooth_basalt":6,"apocalypsenow:knife_spear":65,"apocalypsenow:dagger":9,"minecraft:grindstone":1,"minecraft:andesite":2,"create:framed_glass_door":2,"cfm:oak_upgraded_gate":2,"minecraft:smooth_stone_slab":16,"minecraft:bone_meal":117,"minecraft:gray_stained_glass":3,"minecraft:oak_fence":9,"minecraft:oak_trapdoor":343,"minecraft:stone_sword":6,"minecraft:torch":175,"minecraft:dirt":433,"create:andesite_door":2,"apocalypsenow:grape_juice":1,"apocalypsenow:orange_juice":1,"minecraft:wooden_axe":9,"minecraft:oak_stairs":38,"apocalypsenow:baseball_bat":75,"carryon:entity_item":5,"biomesoplenty:smooth_white_sandstone":4,"appletreesrev:gapple_sapling":3,"apocalypsenow:porpsi":3,"apocalypsenow:night_stick":820,"zombie_extreme:wire":1,"minecraft:iron_leggings":1,"minecraft:wheat_seeds":21,"apocalypsenow:vodka":2,"appletreesrev:apple_sapling":4,"embellishcraft:red_pillow":1,"createaddition:barbed_wire":726,"minecraft:crafting_table":7,"minecraft:oak_slab":86,"embellishcraft:oak_plain_door":4,"embellishcraft:smooth_marble_slab":1,"minecraft:oak_log":24,"farmersdelight:apple_cider":1,"buildersdelight:industrial_flat_2":1,"minecraft:diamond_pickaxe":954,"minecraft:apple":1,"minecraft:diamond_shovel":2155,"minecraft:iron_pickaxe":255,"cgm:grenade":1,"minecraft:stone_slab":1,"minecraft:stone_axe":103,"minecraft:cobblestone":45,"minecraft:potion":127,"apocalypsenow:peach_juice":1,"minecraft:bucket":22,"minecraft:glass_pane":5,"quark:oak_chest":32,"farmersdelight:fruit_salad":4,"minecraft:smooth_stone":15},"minecraft:custom":{"lootr:looted_stat":148,"minecraft:interact_with_crafting_table":45,"minecraft:bell_ring":5,"minecraft:leave_game":16,"minecraft:time_since_death":54521,"minecraft:sprint_one_cm":1006374,"minecraft:drop":90,"minecraft:talked_to_villager":5,"minecraft:play_time":885296,"minecraft:deaths":20,"minecraft:jump":2774,"minecraft:interact_with_brewingstand":1,"minecraft:walk_on_water_one_cm":16638,"minecraft:interact_with_furnace":13,"minecraft:stove_opened":6,"minecraft:sleep_in_bed":6,"minecraft:damage_dealt":92086,"minecraft:crouch_one_cm":62334,"minecraft:mob_kills":1154,"minecraft:damage_dealt_resisted":4654,"minecraft:climb_one_cm":75691,"minecraft:walk_one_cm":2888426,"minecraft:fridge_opened":380,"minecraft:chair_used":3,"minecraft:damage_dealt_absorbed":427,"minecraft:sneak_time":25829,"minecraft:walk_under_water_one_cm":27182,"minecraft:drawer_searched":168,"minecraft:total_world_time":885296,"minecraft:trashcan_opened":1,"minecraft:time_since_rest":54552,"minecraft:cabinet_searched":4,"minecraft:damage_taken":12187,"minecraft:swim_one_cm":45064,"minecraft:freezer_opened":30,"minecraft:fly_one_cm":1115813,"minecraft:open_chest":984,"minecraft:fall_one_cm":66404}},"DataVersion":2975}