{"stats":{"minecraft:custom":{"minecraft:time_since_rest":6704,"lootr:looted_stat":12,"minecraft:interact_with_furnace":1,"minecraft:sprint_one_cm":39097,"minecraft:damage_taken":250,"minecraft:walk_one_cm":66963,"minecraft:mob_kills":4,"minecraft:fridge_opened":11,"minecraft:drop":1,"minecraft:damage_dealt":4092,"minecraft:player_kills":1,"minecraft:talked_to_villager":1,"minecraft:swim_one_cm":5614,"minecraft:freezer_opened":1,"minecraft:fly_one_cm":98164,"minecraft:open_chest":26,"minecraft:crouch_one_cm":6641,"minecraft:play_time":22386,"minecraft:deaths":1,"minecraft:sneak_time":1167,"minecraft:walk_under_water_one_cm":163,"minecraft:jump":289,"minecraft:interact_with_brewingstand":1,"minecraft:interact_with_stonecutter":1,"minecraft:leave_game":1,"minecraft:time_since_death":6670,"minecraft:walk_on_water_one_cm":1335,"minecraft:climb_one_cm":6734,"minecraft:total_world_time":22386,"minecraft:fall_one_cm":16696},"minecraft:used":{"embellishcraft:smooth_marble":1,"minecraft:wooden_pickaxe":3,"minecraft:torch":3,"minecraft:dirt":3,"minecraft:potion":2,"chalk:blue_chalk":1,"apocalypsenow:bayonet":233},"minecraft:picked_up":{"tac:round45":29,"embellishcraft:smooth_marble":1,"contenttweaker:resistant_fabric":2,"contenttweaker:rubber":1,"minecraft:dirt":3,"minecraft:string":6,"minecraft:bone":4,"minecraft:rotten_flesh":2,"minecraft:wheat_seeds":1,"tac:762x39":30,"tac:9mm_round":30},"minecraft:dropped":{"ftbquests:book":1},"minecraft:mined":{"embellishcraft:smooth_marble":1,"minecraft:grass_block":3,"create:dark_oak_window_pane":2},"minecraft:killed_by":{"undead_revamp2:thesmoker":1},"minecraft:killed":{"minecraft:husk":1,"minecraft:zombie":1,"undead_revamp2:the_moonflower":1,"zombie_extreme:demolisher":1}},"DataVersion":2975}