{"stats":{"minecraft:killed":{"undead_revamp2:thesmoker":14,"undead_revamp2:thepregnant":2,"zombie_extreme:runner":3,"zombiemobs:zombie_bear":1,"zombie_extreme:crawler":2,"minecraft:husk":41,"undead_revamp2:the_moonflower":6,"zombiemobs:zombie_fox":1,"minecraft:zombie":179,"zombiemobs:zombie_goat":1,"alexsmobs:fly":1},"minecraft:mined":{"farmersdelight:honey_glazed_ham_block":7,"embellishcraft:sturdy_steel_door":1,"farmersdelight:rice_bag":9,"minecraft:oak_sapling":2,"minecraft:mossy_cobblestone":1,"farmersdelight:roast_chicken_block":5,"pfm:basic_plate":1,"minecraft:brewing_stand":1,"minecraft:stone_brick_wall":1,"minecraft:grass_block":2,"minecraft:spawner":30,"embellishcraft:smooth_basalt":1,"minecraft:smooth_stone":12,"minecraft:oak_trapdoor":5,"embellishcraft:smooth_marble_slab":1,"minecraft:furnace":4,"minecraft:iron_ore":4,"minecraft:anvil":1,"minecraft:gold_block":11,"pfm:white_fridge":8,"minecraft:bookshelf":39,"minecraft:oak_stairs":9,"minecraft:quartz_slab":5,"simplylight:rodlamp":15,"minecraft:stone":12,"minecraft:iron_block":21,"immersiveengineering:ore_aluminum":11,"farmersdelight:cooking_pot":1,"pfm:white_freezer":1,"minecraft:quartz_block":2,"minecraft:cyan_terracotta":40,"quark:oak_chest":8,"pfm:basic_sink":1,"farmersdelight:potato_crate":2,"quark:spruce_bookshelf":4,"appletreesrev:apple_leaves":1,"minecraft:crafting_table":4,"apocalypsenow:money_block":7,"minecraft:torch":9,"minecraft:gray_stained_glass":17,"quark:framed_glass_pane":17,"pfm:wall_toilet_paper":1,"minecraft:stone_slab":1,"minecraft:copper_ore":8,"cfm:spruce_blinds":14,"minecraft:tall_grass":5,"minecraft:cobblestone":8,"minecraft:oak_planks":5,"createaddition:barbed_wire":59,"minecraft:iron_door":7,"minecraft:wall_torch":16,"immersiveengineering:concrete":1,"farmersdelight:skillet":1,"farmersdelight:stuffed_pumpkin_block":4,"farmersdelight:shepherds_pie_block":2,"pfm:basic_toilet":1,"minecraft:light_gray_stained_glass":10,"farmersdelight:cutting_board":2,"quark:gunpowder_sack":8,"minecraft:light_gray_wool":1294,"farmersdelight:rice_roll_medley_block":1,"minecraft:stone_brick_stairs":6,"minecraft:grass":21,"embellishcraft:smooth_marble":13,"minecraft:oak_log":5,"minecraft:dirt":3,"minecraft:cobweb":11,"farmersdelight:stove":1,"simplylight:illuminant_block":1,"minecraft:oak_leaves":3,"minecraft:emerald_block":6},"minecraft:crafted":{"minecraft:oak_trapdoor":2,"minecraft:stone_pickaxe":1,"minecraft:crafting_table":1,"minecraft:stone_axe":1,"minecraft:air":151,"quark:oak_chest":1,"minecraft:stone_sword":1},"minecraft:used":{"minecraft:oak_fence":9,"minecraft:oak_trapdoor":29,"minecraft:stone_sword":6,"minecraft:torch":76,"minecraft:dirt":161,"create:andesite_door":2,"embellishcraft:smooth_marble":5,"minecraft:wooden_axe":9,"minecraft:cyan_terracotta":8,"minecraft:lava_bucket":7,"minecraft:quartz_slab":6,"minecraft:grass_block":100,"minecraft:oak_stairs":37,"carryon:entity_item":5,"minecraft:stone_brick_stairs":19,"immersiveengineering:concrete":1,"appletreesrev:gapple_sapling":3,"pfm:white_freezer":1,"minecraft:furnace":10,"minecraft:oak_sapling":2,"zombie_extreme:wire":1,"minecraft:iron_leggings":1,"quark:framed_glass_pane":8,"pfm:white_fridge":6,"minecraft:stone_pickaxe":133,"minecraft:oak_planks":64,"cfm:spruce_blinds":22,"appletreesrev:apple_sapling":3,"minecraft:wooden_pickaxe":10,"minecraft:blue_bed":1,"minecraft:golden_apple":9,"createaddition:barbed_wire":154,"minecraft:oak_slab":86,"minecraft:crafting_table":7,"embellishcraft:oak_plain_door":4,"minecraft:shears":1294,"pfm:oak_purple_simple_bed":1,"embellishcraft:smooth_marble_slab":1,"minecraft:oak_log":24,"apocalypsenow:tatical_mace":584,"minecraft:apple":1,"minecraft:bread":9,"minecraft:iron_pickaxe":226,"minecraft:stone_slab":1,"minecraft:iron_door":1,"minecraft:stone_axe":103,"minecraft:cobblestone":42,"minecraft:potion":19,"minecraft:grindstone":1,"minecraft:glass_pane":5,"create:framed_glass_door":2,"cfm:oak_upgraded_gate":2,"quark:oak_chest":17,"minecraft:smooth_stone":14,"minecraft:bone_meal":16,"minecraft:gray_stained_glass":3},"minecraft:broken":{"minecraft:shears":5,"minecraft:stone_pickaxe":1,"minecraft:stone_axe":1},"minecraft:custom":{"lootr:looted_stat":39,"minecraft:mob_kills":254,"minecraft:interact_with_crafting_table":12,"minecraft:bell_ring":5,"minecraft:damage_dealt_resisted":292,"minecraft:leave_game":7,"minecraft:time_since_death":26189,"minecraft:climb_one_cm":50464,"minecraft:sprint_one_cm":268334,"minecraft:walk_one_cm":873094,"minecraft:fridge_opened":54,"minecraft:drop":3,"minecraft:damage_dealt_absorbed":44,"minecraft:talked_to_villager":2,"minecraft:play_time":277660,"minecraft:deaths":7,"minecraft:sneak_time":9093,"minecraft:walk_under_water_one_cm":3434,"minecraft:jump":960,"minecraft:walk_on_water_one_cm":1571,"minecraft:total_world_time":277660,"minecraft:interact_with_furnace":1,"minecraft:sleep_in_bed":2,"minecraft:time_since_rest":26215,"minecraft:damage_taken":2188,"minecraft:damage_dealt":25640,"minecraft:swim_one_cm":10050,"minecraft:fly_one_cm":508077,"minecraft:freezer_opened":8,"minecraft:open_chest":310,"minecraft:crouch_one_cm":18068,"minecraft:fall_one_cm":11747},"minecraft:killed_by":{"minecraft:husk":3,"zombie_extreme:infected_police":1,"minecraft:zombie":3},"minecraft:dropped":{"quark:gray_shard":34,"minecraft:gray_stained_glass":1,"minecraft:leather_chestplate":1},"minecraft:picked_up":{"minecraft:crafting_table":4,"minecraft:anvil":1,"minecraft:stone_slab":1,"minecraft:oak_stairs":9,"minecraft:stone_brick_wall":1,"minecraft:gold_block":11,"farmersdelight:tomato_sauce":10,"quark:gunpowder_sack":8,"minecraft:stone_brick_stairs":6,"pfm:white_freezer":1,"minecraft:brewing_stand":1,"farmersdelight:cutting_board":2,"minecraft:string":245,"minecraft:oak_trapdoor":5,"minecraft:raw_copper":27,"minecraft:quartz_slab":6,"cfm:spruce_blinds":14,"embellishcraft:smooth_marble_slab":1,"minecraft:smooth_stone":12,"farmersdelight:cabbage":4,"apocalypsenow:construction_boots":1,"embellishcraft:sturdy_steel_door":1,"minecraft:light_gray_wool":1293,"minecraft:egg":1,"minecraft:furnace":4,"farmersdelight:kelp_roll_slice":6,"minecraft:stick":7,"minecraft:raw_iron":4,"farmersdelight:potato_crate":2,"embellishcraft:smooth_marble":11,"minecraft:torch":36,"minecraft:bowl":5,"minecraft:dried_kelp":13,"minecraft:carrot":4,"immersiveengineering:concrete":1,"minecraft:rotten_flesh":247,"createaddition:barbed_wire":58,"farmersdelight:onion":1,"minecraft:iron_block":21,"minecraft:cyan_terracotta":34,"minecraft:mutton":4,"apocalypsenow:money_block":7,"minecraft:cobblestone":20,"simplylight:rodlamp":15,"tac:round45":13,"farmersdelight:rice":10,"minecraft:iron_door":7,"minecraft:salmon":19,"apocalypsenow:green_bikers_helmet":1,"biomesoplenty:fir_sapling":1,"appletreesrev:apple_log":17,"minecraft:potato":3,"farmersdelight:roast_chicken_block":6,"minecraft:oak_log":32,"apocalypsenow:construction_chestplate":1,"farmersdelight:cod_roll":4,"minecraft:dirt":5,"farmersdelight:shepherds_pie_block":2,"farmersdelight:honey_glazed_ham_block":7,"minecraft:bone":246,"apocalypsenow:construction_leggings":1,"minecraft:apple":31,"farmersdelight:cooking_pot":1,"farmersdelight:vegetable_soup":9,"farmersdelight:salmon_roll":6,"minecraft:wheat_seeds":7,"apocalypsenow:human_flesh":9,"apocalypsenow:money":2,"apocalypsenow:red_bikers_helmet":1,"minecraft:iron_ingot":4,"pfm:basic_toilet":1,"simplylight:illuminant_block":1,"tac:9mm_round":16,"minecraft:oak_planks":5,"biomesoplenty:toadstool":1,"minecraft:book":129,"quark:light_gray_shard":30,"pfm:basic_plate":1,"apocalypsenow:u_sarmy_chestplate":1,"minecraft:emerald_block":6,"farmersdelight:stuffed_pumpkin_block":4,"minecraft:oak_pressure_plate":1,"immersiveengineering:raw_aluminum":11,"pfm:white_fridge":8,"quark:oak_chest":8,"minecraft:mossy_cobblestone":1,"pfm:basic_sink":1,"immersiveengineering:seed":4,"pfm:wall_toilet_paper":1,"quark:framed_glass_pane":17,"farmersdelight:rice_bag":9,"minecraft:golden_apple":10,"minecraft:bread":9,"alexsmobs:maggot":1,"quark:gray_shard":53,"minecraft:oak_sapling":25,"apocalypsenow:construction_helmet":1,"farmersdelight:stove":1}},"DataVersion":2975}